
--
-- Name: activity; Type: TABLE;
--

CREATE TABLE activity
(
    id                  TEXT PRIMARY KEY,
    name                TEXT NOT NULL,
    measurement_type_id TEXT NOT NULL,
    FOREIGN KEY (measurement_type_id) REFERENCES activity(id)

);



CREATE UNIQUE INDEX activity_name_index
    ON activity (name);

--
-- Name: body_chart_mode; Type: TABLE;
--

CREATE TABLE body_chart_mode
(
    id   TEXT PRIMARY KEY,
    name TEXT NOT NULL
);

CREATE UNIQUE INDEX body_chart_mode_name_index
    ON body_chart_mode (name);


--
-- Name: body_chart_view; Type: TABLE;
--

CREATE TABLE body_chart_view
(
    id   TEXT PRIMARY KEY,
    name TEXT NOT NULL
);

CREATE UNIQUE INDEX body_chart_view_name_index
    ON body_chart_view (name);



--
-- Name: difficulty_modifier; Type: TABLE;
--

CREATE TABLE difficulty_modifier
(
    id                  TEXT PRIMARY KEY,
    name                TEXT NOT NULL,
    measurement_type_id TEXT,
    FOREIGN KEY (measurement_type_id) REFERENCES measurement_type(id)

);


CREATE UNIQUE INDEX difficulty_modifier_name_index ON difficulty_modifier (name);



--
-- Name: equipment; Type: TABLE;
--

CREATE TABLE equipment
(
    id   TEXT PRIMARY KEY,
    name TEXT NOT NULL
);

CREATE UNIQUE INDEX equipment_name_index ON equipment (name);



--
-- Name: exercise; Type: TABLE;
--

CREATE TABLE exercise
(
    id                     TEXT PRIMARY KEY,
    name                   TEXT NOT NULL,
    source                 TEXT,
    difficulty_modifier_id TEXT,
    FOREIGN KEY (difficulty_modifier_id) REFERENCES difficulty_modifier(id)
);

CREATE UNIQUE INDEX idxr1ox34byx8pj01qd39plfobsj ON exercise (name);


--
-- Name: exercise_available_activity; Type: TABLE;
--

CREATE TABLE exercise_available_activity
(
    exercise_id TEXT NOT NULL,
    activity_id TEXT NOT NULL,
    FOREIGN KEY (exercise_id) REFERENCES exercise(id),
    FOREIGN KEY (activity_id) REFERENCES activity(id)

);

CREATE UNIQUE INDEX exercise_activity_pk
    ON exercise_available_activity (exercise_id, activity_id);



--
-- Name: exercise_required_equipment; Type: TABLE;
--

CREATE TABLE exercise_required_equipment
(
    exercise_id           TEXT NOT NULL,
    required_equipment_id TEXT NOT NULL,
    FOREIGN KEY (exercise_id) REFERENCES exercise(id),
    FOREIGN KEY (required_equipment_id) REFERENCES equipment(id)

);

--
-- Name: exercise_target_muscle_groups; Type: TABLE;
--

CREATE TABLE exercise_target_muscle_groups
(
    exercise_id             TEXT NOT NULL,
    target_muscle_groups_id TEXT NOT NULL,
    FOREIGN KEY (exercise_id) REFERENCES exercise(id),
    FOREIGN KEY (target_muscle_groups_id) REFERENCES muscle_group(id)
);


--
-- Name: exercise_units_of_measurement; Type: TABLE;
--

CREATE TABLE exercise_units_of_measurement
(
    exercise_id             TEXT NOT NULL,
    units_of_measurement_id TEXT NOT NULL,
    FOREIGN KEY (exercise_id) REFERENCES exercise(id),
    FOREIGN KEY (units_of_measurement_id) REFERENCES unit_of_measurement(id)
);


--
-- Name: measurement_system; Type: TABLE;
--

CREATE TABLE measurement_system
(
    id   TEXT PRIMARY KEY,
    name TEXT NOT NULL
);

CREATE UNIQUE INDEX measurement_system_name_index ON measurement_system (name);


--
-- Name: measurement_type; Type: TABLE;
--

CREATE TABLE measurement_type
(
    id   TEXT PRIMARY KEY,
    name TEXT
);

CREATE UNIQUE INDEX measurement_type_name_index ON measurement_type (name);



--
-- Name: muscle_group; Type: TABLE;
--

CREATE TABLE muscle_group
(
    id   TEXT PRIMARY KEY,
    name TEXT NOT NULL
);

CREATE UNIQUE INDEX idxtffw3c0x9824kaya3hyks3cch ON muscle_group (name);

--
-- Name: body_part; Type: TABLE;
--

CREATE TABLE body_part
(
    id                 TEXT PRIMARY KEY,
    name               TEXT NOT NULL,
    body_chart_view_id TEXT NOT NULL,
    body_chart_mode_id TEXT NOT NULL,
    muscle_group_id    TEXT,
    FOREIGN KEY (body_chart_view_id) REFERENCES body_chart_view (id),
    FOREIGN KEY (body_chart_mode_id) REFERENCES body_chart_mode (id),
    FOREIGN KEY (muscle_group_id) REFERENCES muscle_group (id)
);



CREATE INDEX body_part_name_index ON body_part (name);


--
-- Name: scalable_vector_graphics_path; Type: TABLE;
--

CREATE TABLE scalable_vector_graphics_path
(
    id                  TEXT PRIMARY KEY,
    name                TEXT NOT NULL,
    body_part_id        TEXT NOT NULL,
    path                TEXT NOT NULL,
    gradient_starting_y INTEGER,
    path_height         INTEGER,
    color_override      TEXT,
    draw_order          INTEGER,
    FOREIGN KEY (body_part_id) REFERENCES body_part (id)
);


CREATE INDEX scalable_vector_graphics_path_body_part_id_index ON scalable_vector_graphics_path (body_part_id);
CREATE INDEX scalable_vector_graphics_path_name_index ON scalable_vector_graphics_path (name);


--
-- Name: unit_of_measurement; Type: TABLE;
--

CREATE TABLE unit_of_measurement
(
    id                    TEXT PRIMARY KEY,
    abbreviated_name      TEXT,
    name                  TEXT NOT NULL,
    measurement_type_id   TEXT,
    measurement_system_id TEXT,
    FOREIGN KEY (measurement_type_id) REFERENCES unit_of_measurement (id),
    FOREIGN KEY (measurement_system_id) REFERENCES measurement_system (id)
);



CREATE UNIQUE INDEX idxpvf8tik9mx012mnm164r6jj7k ON unit_of_measurement (name);



--
-- Data for Name: activity; Type: TABLE DATA;
--

INSERT INTO activity (id, name, measurement_type_id)
VALUES ('5173f557-005d-4a4b-a26a-de692a09c8f1', 'For Time', '2e617173-1224-474e-8ba9-448ce4a506e7'),
       ('f804b832-08e4-4e19-9cf2-0fd2f97c9c00', 'For Distance', '602c9d10-f0b4-4c84-871c-f02b1e3193d6'),
       ('ebcb1f67-8d85-439b-9fa6-4ce8eb0321d2', 'Repetitions', '38724e2e-38e1-4ae1-8b9c-b9b836681b33');


--
-- Data for Name: body_chart_mode; Type: TABLE DATA;
--

INSERT INTO body_chart_mode (id, name)
VALUES ('0a7f1bec-9c24-43d5-8e55-bcec951e09c5', 'FEMALE'),
       ('f6f5c068-21e8-4e32-8f5c-20ada51d236c', 'MALE');


--
-- Data for Name: body_chart_view; Type: TABLE DATA;
--

INSERT INTO body_chart_view (id, name)
VALUES ('548a5a68-20bb-4828-8573-5295e4e2ec1f', 'Back'),
       ('8e212e1b-e533-4af2-af87-25ddbd8b4b5f', 'Front'),
       ('4c011834-b090-4cf8-ad8a-290b3e089c03', 'Side');


--
-- Data for Name: body_part; Type: TABLE DATA;
--

INSERT INTO body_part (id, name, body_chart_view_id, body_chart_mode_id, muscle_group_id)
VALUES ('b2d4636f-3978-41b4-a0a3-15562e68c6c9', 'upperAbdominal', '8e212e1b-e533-4af2-af87-25ddbd8b4b5f',
        'f6f5c068-21e8-4e32-8f5c-20ada51d236c', '39d61f64-5b43-4f89-8dc7-c536a8d0b26a'),
       ('0011f007-9dcf-40dc-8f93-239879100588', 'triceps', '4c011834-b090-4cf8-ad8a-290b3e089c03',
        'f6f5c068-21e8-4e32-8f5c-20ada51d236c', 'b1d042a1-cd4d-44bb-a95a-c434685a2ac2'),
       ('49f56c9e-e284-4d81-801d-ac956e76f12a', 'lowerAbdominal', '8e212e1b-e533-4af2-af87-25ddbd8b4b5f',
        '0a7f1bec-9c24-43d5-8e55-bcec951e09c5', '7df1f851-2570-4b3a-9adc-79d92276fbcb'),
       ('ca8938d7-e2ba-4aca-bb6f-2a2ae282cd13', 'deltoid', '4c011834-b090-4cf8-ad8a-290b3e089c03',
        '0a7f1bec-9c24-43d5-8e55-bcec951e09c5', '7fedcd48-be66-423a-b88e-c758d31c6c4e'),
       ('82cf3917-e1ac-4479-9c0f-5e3bfb3e0787', 'quadriceps', '8e212e1b-e533-4af2-af87-25ddbd8b4b5f',
        'f6f5c068-21e8-4e32-8f5c-20ada51d236c', '2fcda714-cc24-4751-a5f6-31a2e01d3bae'),
       ('39465528-1287-4178-a9cf-32c38b1d0c4a', 'heart', '4c011834-b090-4cf8-ad8a-290b3e089c03',
        'f6f5c068-21e8-4e32-8f5c-20ada51d236c', '06baf562-1ad4-4e3e-83df-518d9c5f8b7c'),
       ('045d86e9-3a9c-4d5c-a7d8-c7a6dc9a9f22', 'oblique', '4c011834-b090-4cf8-ad8a-290b3e089c03',
        'f6f5c068-21e8-4e32-8f5c-20ada51d236c', 'f79d57c8-cbf6-4410-9505-16d3ebd5a2b3'),
       ('31c7c6e9-3fd7-4f56-8cd6-7e386630b265', 'heart', '4c011834-b090-4cf8-ad8a-290b3e089c03',
        '0a7f1bec-9c24-43d5-8e55-bcec951e09c5', '06baf562-1ad4-4e3e-83df-518d9c5f8b7c'),
       ('65f90cf1-393e-4c6e-8a0a-03b162b98bef', 'Inner Thigh', '4c011834-b090-4cf8-ad8a-290b3e089c03',
        '0a7f1bec-9c24-43d5-8e55-bcec951e09c5', 'f9bf1b8b-03c5-41ac-9f0e-11685799e8c8'),
       ('d0e51e21-de81-4bf5-b15c-4de798d8f2fd', 'Left Calf', '4c011834-b090-4cf8-ad8a-290b3e089c03',
        'f6f5c068-21e8-4e32-8f5c-20ada51d236c', '45b6df61-8b80-473c-9d9e-3276581eed41'),
       ('a5496be6-cdac-4e37-902d-4c9bc27118fc', 'bicep', '8e212e1b-e533-4af2-af87-25ddbd8b4b5f',
        'f6f5c068-21e8-4e32-8f5c-20ada51d236c', '3c06d6d0-fe7f-4059-b1c6-deff751503e1'),
       ('b3da748b-2130-4a8d-82ae-f73e535ca9b7', 'forearm', '8e212e1b-e533-4af2-af87-25ddbd8b4b5f',
        'f6f5c068-21e8-4e32-8f5c-20ada51d236c', '7fab536f-9b8e-4405-beff-ad087fd5929d'),
       ('103dec9f-b083-4fdb-a2c9-799854a62ba1', 'hand', '8e212e1b-e533-4af2-af87-25ddbd8b4b5f',
        'f6f5c068-21e8-4e32-8f5c-20ada51d236c', null),
       ('21b826d4-91df-4ffb-b595-a1c6e3457836', 'deltoid', '8e212e1b-e533-4af2-af87-25ddbd8b4b5f',
        'f6f5c068-21e8-4e32-8f5c-20ada51d236c', '7fedcd48-be66-423a-b88e-c758d31c6c4e'),
       ('500e4006-6e75-40d3-b816-5789d2f2fd13', 'tibialisAnterior', '8e212e1b-e533-4af2-af87-25ddbd8b4b5f',
        'f6f5c068-21e8-4e32-8f5c-20ada51d236c', '2b62a5e2-4a93-4cd0-9e59-43dffcb277f0'),
       ('a71b2274-ecda-4d33-89c3-6408737f89b9', 'oblique', '8e212e1b-e533-4af2-af87-25ddbd8b4b5f',
        'f6f5c068-21e8-4e32-8f5c-20ada51d236c', 'f79d57c8-cbf6-4410-9505-16d3ebd5a2b3'),
       ('9451cde2-c32f-489a-b9a0-c5f583819d0e', 'pectoralis', '8e212e1b-e533-4af2-af87-25ddbd8b4b5f',
        'f6f5c068-21e8-4e32-8f5c-20ada51d236c', '06857be2-3565-4922-804f-a2640a3d4240'),
       ('4b95fcb1-cccd-4194-8cac-5c171b2b8d7e', 'foot', '8e212e1b-e533-4af2-af87-25ddbd8b4b5f',
        'f6f5c068-21e8-4e32-8f5c-20ada51d236c', null),
       ('125317a6-a3b3-41eb-ab57-36c611704fe9', 'head', '4c011834-b090-4cf8-ad8a-290b3e089c03',
        'f6f5c068-21e8-4e32-8f5c-20ada51d236c', null),
       ('7c045a21-0da9-46fb-93c4-0f728d057cf6', 'deltoid', '4c011834-b090-4cf8-ad8a-290b3e089c03',
        'f6f5c068-21e8-4e32-8f5c-20ada51d236c', '7fedcd48-be66-423a-b88e-c758d31c6c4e'),
       ('2cd09388-41e3-47b2-a56c-f2e7ea7eb6f3', 'bicep', '4c011834-b090-4cf8-ad8a-290b3e089c03',
        'f6f5c068-21e8-4e32-8f5c-20ada51d236c', '3c06d6d0-fe7f-4059-b1c6-deff751503e1'),
       ('bd320fa5-4655-41cd-bd9f-7d90aeaf4f06', 'forearm', '4c011834-b090-4cf8-ad8a-290b3e089c03',
        'f6f5c068-21e8-4e32-8f5c-20ada51d236c', '7fab536f-9b8e-4405-beff-ad087fd5929d'),
       ('dafbc3d1-7094-4358-895d-fcb7b422e3d5', 'Right Hand', '4c011834-b090-4cf8-ad8a-290b3e089c03',
        'f6f5c068-21e8-4e32-8f5c-20ada51d236c', null),
       ('fefac6ab-f0e5-4a3a-8637-9306c28c4f36', 'Left Hand', '4c011834-b090-4cf8-ad8a-290b3e089c03',
        'f6f5c068-21e8-4e32-8f5c-20ada51d236c', null),
       ('6307dc9b-db81-4bac-8fef-e1fefd6f22bc', 'gluts', '4c011834-b090-4cf8-ad8a-290b3e089c03',
        'f6f5c068-21e8-4e32-8f5c-20ada51d236c', '30be2913-1a18-4428-9369-e058e99b80da'),
       ('fe5accb8-78e6-498c-ab0b-75fa49cf2ec6', 'Outer Thigh', '4c011834-b090-4cf8-ad8a-290b3e089c03',
        'f6f5c068-21e8-4e32-8f5c-20ada51d236c', '7edde4ed-5f19-41c5-9da3-4ea2573c0876'),
       ('860b9716-b7e1-4586-a123-9c4d123bcc26', 'Inner Thigh', '4c011834-b090-4cf8-ad8a-290b3e089c03',
        'f6f5c068-21e8-4e32-8f5c-20ada51d236c', 'f9bf1b8b-03c5-41ac-9f0e-11685799e8c8'),
       ('f4e969b2-5038-43ba-b293-1f858f7ef882', 'Right Calf', '4c011834-b090-4cf8-ad8a-290b3e089c03',
        'f6f5c068-21e8-4e32-8f5c-20ada51d236c', '45b6df61-8b80-473c-9d9e-3276581eed41'),
       ('95cf8d1f-6096-4eb6-a8b7-d10e94c595f8', 'pectoralis', '8e212e1b-e533-4af2-af87-25ddbd8b4b5f',
        '0a7f1bec-9c24-43d5-8e55-bcec951e09c5', '06857be2-3565-4922-804f-a2640a3d4240'),
       ('36349422-0af4-4500-bbbb-8b2dc38370ea', 'tibialisAnterior', '8e212e1b-e533-4af2-af87-25ddbd8b4b5f',
        '0a7f1bec-9c24-43d5-8e55-bcec951e09c5', '2b62a5e2-4a93-4cd0-9e59-43dffcb277f0'),
       ('d9052ad8-8014-4242-9014-896742c6467f', 'hand', '8e212e1b-e533-4af2-af87-25ddbd8b4b5f',
        '0a7f1bec-9c24-43d5-8e55-bcec951e09c5', null),
       ('d7cbdf74-5c66-4e37-a0e5-f2c44a7b01e7', 'bicep', '8e212e1b-e533-4af2-af87-25ddbd8b4b5f',
        '0a7f1bec-9c24-43d5-8e55-bcec951e09c5', '3c06d6d0-fe7f-4059-b1c6-deff751503e1'),
       ('100f2fad-6b3c-4516-88c7-1c1b3c735f0d', 'forearm', '8e212e1b-e533-4af2-af87-25ddbd8b4b5f',
        '0a7f1bec-9c24-43d5-8e55-bcec951e09c5', '7fab536f-9b8e-4405-beff-ad087fd5929d'),
       ('5f267279-5265-4698-8a07-4a8535eacad7', 'oblique', '8e212e1b-e533-4af2-af87-25ddbd8b4b5f',
        '0a7f1bec-9c24-43d5-8e55-bcec951e09c5', 'f79d57c8-cbf6-4410-9505-16d3ebd5a2b3'),
       ('d3e4f01a-9a1b-4db0-8c83-d600626b037d', 'quadriceps', '8e212e1b-e533-4af2-af87-25ddbd8b4b5f',
        '0a7f1bec-9c24-43d5-8e55-bcec951e09c5', '2fcda714-cc24-4751-a5f6-31a2e01d3bae'),
       ('cd8525cc-bccb-4c5e-a6f4-a8310f57c4a9', 'upperAbdominal', '8e212e1b-e533-4af2-af87-25ddbd8b4b5f',
        '0a7f1bec-9c24-43d5-8e55-bcec951e09c5', '39d61f64-5b43-4f89-8dc7-c536a8d0b26a'),
       ('e85c7e42-68f6-45a4-98b1-f2b444b8e83d', 'foot', '8e212e1b-e533-4af2-af87-25ddbd8b4b5f',
        '0a7f1bec-9c24-43d5-8e55-bcec951e09c5', null),
       ('620b7a2a-0b69-44cf-b5ba-dded86ded221', 'deltoid', '8e212e1b-e533-4af2-af87-25ddbd8b4b5f',
        '0a7f1bec-9c24-43d5-8e55-bcec951e09c5', '7fedcd48-be66-423a-b88e-c758d31c6c4e'),
       ('53307a59-8f40-4505-9032-3bf48dda92a6', 'head', '8e212e1b-e533-4af2-af87-25ddbd8b4b5f',
        'f6f5c068-21e8-4e32-8f5c-20ada51d236c', null),
       ('0c823802-e027-439f-95f3-a4192ed45c74', 'head', '4c011834-b090-4cf8-ad8a-290b3e089c03',
        '0a7f1bec-9c24-43d5-8e55-bcec951e09c5', null),
       ('005736de-08ce-43dc-917c-7725f737d58b', 'triceps', '4c011834-b090-4cf8-ad8a-290b3e089c03',
        '0a7f1bec-9c24-43d5-8e55-bcec951e09c5', 'b1d042a1-cd4d-44bb-a95a-c434685a2ac2'),
       ('b341d0da-951b-4db3-a238-a3c0f7cb6769', 'bicep', '4c011834-b090-4cf8-ad8a-290b3e089c03',
        '0a7f1bec-9c24-43d5-8e55-bcec951e09c5', '3c06d6d0-fe7f-4059-b1c6-deff751503e1'),
       ('394ff086-6608-427d-8a39-cd66bddb34ea', 'forearm', '4c011834-b090-4cf8-ad8a-290b3e089c03',
        '0a7f1bec-9c24-43d5-8e55-bcec951e09c5', '7fab536f-9b8e-4405-beff-ad087fd5929d'),
       ('a887df26-7e74-4b41-8f4a-21ad964e3ce2', 'Left Hand', '4c011834-b090-4cf8-ad8a-290b3e089c03',
        '0a7f1bec-9c24-43d5-8e55-bcec951e09c5', null),
       ('4e3e745f-8f9b-44df-95c7-ae9347fba521', 'gluts', '4c011834-b090-4cf8-ad8a-290b3e089c03',
        '0a7f1bec-9c24-43d5-8e55-bcec951e09c5', '30be2913-1a18-4428-9369-e058e99b80da'),
       ('c1cdade0-aab4-47d8-b65f-3b1d8ef0204a', 'Outer Thigh', '4c011834-b090-4cf8-ad8a-290b3e089c03',
        '0a7f1bec-9c24-43d5-8e55-bcec951e09c5', '7edde4ed-5f19-41c5-9da3-4ea2573c0876'),
       ('c2596e18-5ce2-451d-b93d-871a8f3beb96', 'oblique', '4c011834-b090-4cf8-ad8a-290b3e089c03',
        '0a7f1bec-9c24-43d5-8e55-bcec951e09c5', 'f79d57c8-cbf6-4410-9505-16d3ebd5a2b3'),
       ('c874b6a4-645c-4dcd-98fd-7eedb03153c1', 'Right Calf', '4c011834-b090-4cf8-ad8a-290b3e089c03',
        '0a7f1bec-9c24-43d5-8e55-bcec951e09c5', '45b6df61-8b80-473c-9d9e-3276581eed41'),
       ('53f2e25a-fbbb-4220-ad60-a7eb0cabd0d9', 'Left Calf', '4c011834-b090-4cf8-ad8a-290b3e089c03',
        '0a7f1bec-9c24-43d5-8e55-bcec951e09c5', '45b6df61-8b80-473c-9d9e-3276581eed41'),
       ('151017d8-cc5d-4ffd-ae0e-9f42f211d355', 'head', '8e212e1b-e533-4af2-af87-25ddbd8b4b5f',
        '0a7f1bec-9c24-43d5-8e55-bcec951e09c5', null),
       ('fa15303b-fe4b-4824-9247-2373c502bc25', 'Right Foot', '4c011834-b090-4cf8-ad8a-290b3e089c03',
        'f6f5c068-21e8-4e32-8f5c-20ada51d236c', null),
       ('7d9063ac-7bc6-4bab-923e-ce8965f6a78e', 'Left Foot', '4c011834-b090-4cf8-ad8a-290b3e089c03',
        'f6f5c068-21e8-4e32-8f5c-20ada51d236c', null),
       ('c43f8689-9fc8-4278-9d3b-d007f5c5e922', 'Right Hand', '4c011834-b090-4cf8-ad8a-290b3e089c03',
        '0a7f1bec-9c24-43d5-8e55-bcec951e09c5', null),
       ('1dfc90cd-ec75-4c6a-9ac4-0c6a059082f6', 'Serratus Anterior', '4c011834-b090-4cf8-ad8a-290b3e089c03',
        'f6f5c068-21e8-4e32-8f5c-20ada51d236c', '223b49f4-8c60-430b-ba5c-f78822b4af1d'),
       ('374e0652-aa99-4525-86ed-72a69dffb6e0', 'Serratus Anterior', '4c011834-b090-4cf8-ad8a-290b3e089c03',
        '0a7f1bec-9c24-43d5-8e55-bcec951e09c5', '223b49f4-8c60-430b-ba5c-f78822b4af1d'),
       ('ed0b4015-7807-45df-933e-54d515b5ae2b', 'Right Foot', '4c011834-b090-4cf8-ad8a-290b3e089c03',
        '0a7f1bec-9c24-43d5-8e55-bcec951e09c5', null),
       ('893b717e-f4bb-448c-ab30-f89677b145a8', 'head', '548a5a68-20bb-4828-8573-5295e4e2ec1f',
        'f6f5c068-21e8-4e32-8f5c-20ada51d236c', null),
       ('e490a00a-e39e-4728-b53a-fe525e8bf8ae', 'lats', '548a5a68-20bb-4828-8573-5295e4e2ec1f',
        'f6f5c068-21e8-4e32-8f5c-20ada51d236c', '02459f1c-6c26-4ee6-90e5-4ff1dab21831'),
       ('b50ae232-eaed-4945-9cdd-26e144ac534e', 'forearm', '548a5a68-20bb-4828-8573-5295e4e2ec1f',
        'f6f5c068-21e8-4e32-8f5c-20ada51d236c', '7fab536f-9b8e-4405-beff-ad087fd5929d'),
       ('fb8a71e3-9409-4b0d-a577-7e3235ed3a80', 'erectorSpinae', '548a5a68-20bb-4828-8573-5295e4e2ec1f',
        'f6f5c068-21e8-4e32-8f5c-20ada51d236c', 'eac5d36e-fbdc-41f5-bfca-f91a1b347f77'),
       ('64a049dc-1001-497a-b9eb-3cf072f3fcca', 'deltoid', '548a5a68-20bb-4828-8573-5295e4e2ec1f',
        'f6f5c068-21e8-4e32-8f5c-20ada51d236c', '7fedcd48-be66-423a-b88e-c758d31c6c4e'),
       ('7d841cf3-0733-42e6-bacd-4f34bb71c936', 'triceps', '548a5a68-20bb-4828-8573-5295e4e2ec1f',
        'f6f5c068-21e8-4e32-8f5c-20ada51d236c', 'b1d042a1-cd4d-44bb-a95a-c434685a2ac2'),
       ('f1cf2afd-0a1a-4b14-8f53-a04e57831b56', 'traps', '548a5a68-20bb-4828-8573-5295e4e2ec1f',
        '0a7f1bec-9c24-43d5-8e55-bcec951e09c5', '28a08e19-d051-4dd0-becc-d9da6bc3b384'),
       ('0c6df799-3157-4995-a123-724ca5586718', 'hand', '548a5a68-20bb-4828-8573-5295e4e2ec1f',
        'f6f5c068-21e8-4e32-8f5c-20ada51d236c', null),
       ('6f956881-228e-4db8-80b9-a5fc9984b616', 'lats', '548a5a68-20bb-4828-8573-5295e4e2ec1f',
        '0a7f1bec-9c24-43d5-8e55-bcec951e09c5', '02459f1c-6c26-4ee6-90e5-4ff1dab21831'),
       ('851809fb-cbd4-4b05-9a00-e750bde800ad', 'traps', '548a5a68-20bb-4828-8573-5295e4e2ec1f',
        'f6f5c068-21e8-4e32-8f5c-20ada51d236c', '28a08e19-d051-4dd0-becc-d9da6bc3b384'),
       ('b34a23f0-2b49-41d4-bb1f-eb51a7967976', 'calf', '548a5a68-20bb-4828-8573-5295e4e2ec1f',
        'f6f5c068-21e8-4e32-8f5c-20ada51d236c', '45b6df61-8b80-473c-9d9e-3276581eed41'),
       ('4455d42b-e170-407e-9a03-e21bc9e5dab7', 'foot', '548a5a68-20bb-4828-8573-5295e4e2ec1f',
        'f6f5c068-21e8-4e32-8f5c-20ada51d236c', null),
       ('2dbadaea-90ad-4817-a98d-0a8f190a78f0', 'head', '548a5a68-20bb-4828-8573-5295e4e2ec1f',
        '0a7f1bec-9c24-43d5-8e55-bcec951e09c5', null),
       ('a5e5bd58-1c6a-46df-9688-bdfdc2026820', 'deltoid', '548a5a68-20bb-4828-8573-5295e4e2ec1f',
        '0a7f1bec-9c24-43d5-8e55-bcec951e09c5', '7fedcd48-be66-423a-b88e-c758d31c6c4e'),
       ('221f4248-f67b-41c3-8cfa-4d9df45c8d6f', 'hamstring', '548a5a68-20bb-4828-8573-5295e4e2ec1f',
        'f6f5c068-21e8-4e32-8f5c-20ada51d236c', '0a98362f-8b3d-47e8-ba5a-c2f60231fad0'),
       ('575feff7-e7d1-4c95-ac31-60c7a76fcc12', 'erectorSpinae', '548a5a68-20bb-4828-8573-5295e4e2ec1f',
        '0a7f1bec-9c24-43d5-8e55-bcec951e09c5', 'eac5d36e-fbdc-41f5-bfca-f91a1b347f77'),
       ('69ddc796-a692-4775-9a38-643cec57523c', 'hand', '548a5a68-20bb-4828-8573-5295e4e2ec1f',
        '0a7f1bec-9c24-43d5-8e55-bcec951e09c5', null),
       ('cf079ba0-9a90-4ebf-980a-8a4e2b3d665e', 'rhomboid', '548a5a68-20bb-4828-8573-5295e4e2ec1f',
        '0a7f1bec-9c24-43d5-8e55-bcec951e09c5', '024b422c-7af9-4e69-a28a-eaa79615df28'),
       ('14018811-a96e-43a6-acb4-488427a1fe32', 'calf', '548a5a68-20bb-4828-8573-5295e4e2ec1f',
        '0a7f1bec-9c24-43d5-8e55-bcec951e09c5', '45b6df61-8b80-473c-9d9e-3276581eed41'),
       ('2e57ca59-1a62-4d0c-b350-5a473a15ffd2', 'forearm', '548a5a68-20bb-4828-8573-5295e4e2ec1f',
        '0a7f1bec-9c24-43d5-8e55-bcec951e09c5', '7fab536f-9b8e-4405-beff-ad087fd5929d'),
       ('93c03c55-af32-4b23-a0dd-5be811914a29', 'hamstring', '548a5a68-20bb-4828-8573-5295e4e2ec1f',
        '0a7f1bec-9c24-43d5-8e55-bcec951e09c5', '0a98362f-8b3d-47e8-ba5a-c2f60231fad0'),
       ('8e34442a-6806-4d1d-9b3c-d5e8abc71fb6', 'triceps', '548a5a68-20bb-4828-8573-5295e4e2ec1f',
        '0a7f1bec-9c24-43d5-8e55-bcec951e09c5', 'b1d042a1-cd4d-44bb-a95a-c434685a2ac2'),
       ('2f03a879-e953-443a-a5ab-60bc3ce32194', 'foot', '548a5a68-20bb-4828-8573-5295e4e2ec1f',
        '0a7f1bec-9c24-43d5-8e55-bcec951e09c5', null),
       ('82a1ce79-1022-41e9-b948-67b3c5aa080a', 'gluts', '548a5a68-20bb-4828-8573-5295e4e2ec1f',
        '0a7f1bec-9c24-43d5-8e55-bcec951e09c5', '30be2913-1a18-4428-9369-e058e99b80da'),
       ('077f8eee-d7c8-4bc5-bd38-db217742072d', 'Left Foot', '4c011834-b090-4cf8-ad8a-290b3e089c03',
        '0a7f1bec-9c24-43d5-8e55-bcec951e09c5', null),
       ('d8f751a2-82f7-4b43-bde7-55b9a9c6ad53', 'Trapezius', '8e212e1b-e533-4af2-af87-25ddbd8b4b5f',
        '0a7f1bec-9c24-43d5-8e55-bcec951e09c5', '28a08e19-d051-4dd0-becc-d9da6bc3b384'),
       ('5cfea640-726d-49e6-875c-483be917fb88', 'Calf', '8e212e1b-e533-4af2-af87-25ddbd8b4b5f',
        '0a7f1bec-9c24-43d5-8e55-bcec951e09c5', '45b6df61-8b80-473c-9d9e-3276581eed41'),
       ('e511b6ce-890f-404e-9b5b-35e556813d7d', 'Trapezius', '8e212e1b-e533-4af2-af87-25ddbd8b4b5f',
        'f6f5c068-21e8-4e32-8f5c-20ada51d236c', '28a08e19-d051-4dd0-becc-d9da6bc3b384'),
       ('f8e843a0-6f1a-48a8-9352-860a9c70af17', 'lowerAbdominal', '8e212e1b-e533-4af2-af87-25ddbd8b4b5f',
        'f6f5c068-21e8-4e32-8f5c-20ada51d236c', '7df1f851-2570-4b3a-9adc-79d92276fbcb'),
       ('36acc286-7970-4ac1-987f-c8c188b4aedf', 'Calf', '8e212e1b-e533-4af2-af87-25ddbd8b4b5f',
        'f6f5c068-21e8-4e32-8f5c-20ada51d236c', '45b6df61-8b80-473c-9d9e-3276581eed41'),
       ('e4e14397-8ce5-452a-9e39-c683556426d4', 'rhomboid', '548a5a68-20bb-4828-8573-5295e4e2ec1f',
        'f6f5c068-21e8-4e32-8f5c-20ada51d236c', '024b422c-7af9-4e69-a28a-eaa79615df28'),
       ('f17582c3-4ff5-497a-923f-63c4949c4c26', 'oblique', '548a5a68-20bb-4828-8573-5295e4e2ec1f',
        'f6f5c068-21e8-4e32-8f5c-20ada51d236c', 'f79d57c8-cbf6-4410-9505-16d3ebd5a2b3'),
       ('3b21337c-05b8-4ef6-b774-1b54e8b7adc4', 'Obliques', '548a5a68-20bb-4828-8573-5295e4e2ec1f',
        '0a7f1bec-9c24-43d5-8e55-bcec951e09c5', 'f79d57c8-cbf6-4410-9505-16d3ebd5a2b3'),
       ('53da11d0-9db9-4ef0-8442-545bb2c40263', 'glutes', '548a5a68-20bb-4828-8573-5295e4e2ec1f',
        'f6f5c068-21e8-4e32-8f5c-20ada51d236c', '30be2913-1a18-4428-9369-e058e99b80da');


--
-- Data for Name: difficulty_modifier; Type: TABLE DATA;
--

INSERT INTO difficulty_modifier (id, name, measurement_type_id)
VALUES ('f0a53461-d83e-4165-9d69-9a744739c25e', 'Resistance', 'c9f1bbda-2ebd-468d-bbc8-24bbfda9ccbb'),
       ('8f22a952-f791-43e8-bfc5-933e4cda1c75', 'Weight', 'c9f1bbda-2ebd-468d-bbc8-24bbfda9ccbb'),
       ('faed8766-0a1b-43cf-8e82-24496032dbe3', 'None', 'd1f25335-e832-46a7-88df-3787d532bc67');


--
-- Data for Name: equipment; Type: TABLE DATA;
--

INSERT INTO equipment (id, name)
VALUES ('0a303ad9-24c4-4827-84dd-2c9c7c30ecd6', 'Squat Rack'),
       ('27c814b7-58ca-4d8e-95a8-e3e7117accf5', 'Barbell'),
       ('b4baa386-03c9-4c0e-9883-cd4db434d6df', 'Bench'),
       ('b74cabac-0ff6-487f-8ceb-5c83ad76d6e8', 'Kettlebell'),
       ('184b055b-ea18-4105-8344-7f0abbe910c0', 'Medicine Ball'),
       ('203154e6-f54f-42e1-b91a-cbf8402b4ef4', 'Resistance Band'),
       ('13921130-27c1-4717-8021-5151eb5e3013', 'Jump Rope'),
       ('d7ae00eb-b77b-4957-b4b4-12b5edfb5721', 'Balance Ball'),
       ('e4165721-87d7-4276-adb3-a5a54bf2ff7c', 'Sliders'),
       ('bda42664-56b7-46c4-9237-bdbd848a56a4', 'Yoga Mat'),
       ('408d0a5a-948e-4df5-8781-fb4e293590bc', 'Abdominal Roller'),
       ('7e4c007b-a1f0-472f-8c50-d9e51573db7c', 'Pull Up Bar'),
       ('772aaf1e-e4f5-465b-974f-aa060d691e82', 'Hand Gripper'),
       ('c3ac5292-8f37-41b2-97cc-144e30d30129', 'Dip Bar'),
       ('fbd9e489-2f19-4223-a3f3-e878dfaccef7', 'Rower'),
       ('1c61eec6-b0b8-4e26-9155-8b8ea0092266', 'Elliptical'),
       ('099c0b21-5fd2-4295-b6f7-1e1c00251133', 'Bicycle'),
       ('e8ad51ab-eeee-4f8c-a19f-5e0b494f010b', 'Running Shoes'),
       ('a66022bd-3f9f-4add-a91b-7a1014a19f66', 'Step Up Box'),
       ('60b224b3-4dd5-4f46-b958-8e74d2581fb3', 'Weighted Vest'),
       ('c6ff5754-11f5-4d05-94d3-a05adb910169', 'Bumper Plates'),
       ('4352e457-ed61-42c0-99cf-cbf456dbd8a1', 'Ankle Weights'),
       ('deb7f0e9-ba94-4eaf-aa4b-e079aaf27c4d', 'Captain''s Chair'),
       ('80cb6261-3d8d-42a6-ae95-0230ecaa84ab', 'Dumbbells'),
       ('1feb05df-96f0-47ab-9174-3d8955fd2e2d', 'Stability Ball'),
       ('90317ec2-fc72-4b7f-9e97-021fbabc79cf', 'Weight Belt');


--
-- Data for Name: exercise; Type: TABLE DATA;
--

INSERT INTO exercise (id, name, source, difficulty_modifier_id)
VALUES ('8abb9cbb-7b45-40ea-bfc4-39953852f6a6', 'Bench Leg Raise', 'https://www.youtube.com/watch?v=MHX7ERldZyg',
        'faed8766-0a1b-43cf-8e82-24496032dbe3'),
       ('abfe4e5d-c80b-45cf-96e8-0ed7813abdd9', 'Bent Over Y Fly', 'https://www.youtube.com/watch?v=0q9v56gVKi4',
        'faed8766-0a1b-43cf-8e82-24496032dbe3'),
       ('0f108583-1232-4208-8abc-5681ba5b5f8f', 'Captain''s Chair Leg Lift',
        'https://www.youtube.com/watch?v=bpwnud0o6-A', 'faed8766-0a1b-43cf-8e82-24496032dbe3'),
       ('10f78d5a-0e16-4119-bf8d-16804920f644', 'Crush Press',
        'https://www.muscleandstrength.com/exercises/close-grip-dumbbell-press.html',
        '8f22a952-f791-43e8-bfc5-933e4cda1c75'),
       ('f2fb6ed0-67eb-4bf9-9da9-807d003111e3', 'Dumbbell Lat Pullover', 'https://www.youtube.com/watch?v=moKuOuFNBDM',
        '8f22a952-f791-43e8-bfc5-933e4cda1c75'),
       ('627696a1-a436-4c6c-96c6-7b90020513a8', 'Elastic Band Foot Pull',
        'https://www.verywellhealth.com/exercise-program-to-correct-foot-drop-2696048',
        'f0a53461-d83e-4165-9d69-9a744739c25e'),
       ('ed3809f4-b3ae-43cf-8b3a-8d9f38adb29f', 'Figure Four Leg Raise and Crunch',
        'https://www.grouphiit.com/products/figure-4-crunches-hiit-exercise', 'faed8766-0a1b-43cf-8e82-24496032dbe3'),
       ('cc88b3bf-d421-45e8-a4b9-8979860bf8be', 'Floor T Raise',
        'https://www.yourhousefitness.com/blog/exercise-tutorial-t-raises', '8f22a952-f791-43e8-bfc5-933e4cda1c75'),
       ('c6b105e6-4209-42b1-9597-f961d4729452', 'Flutter Kicks', 'https://www.youtube.com/watch?v=BlJQtdcCzeA',
        'faed8766-0a1b-43cf-8e82-24496032dbe3'),
       ('d067e493-2033-4f3a-80ce-fc2517b87cc3', 'Hanging Leg Raises', 'https://www.youtube.com/watch?v=Nw0LOKe3_l8',
        'faed8766-0a1b-43cf-8e82-24496032dbe3'),
       ('84c5c899-a2cc-45bf-8b40-a6de70a5eb45', 'Bridge',
        'https://www.healthline.com/health/fitness-exercise/anterior-pelvic-tilt-exercises#pelvic-tilt',
        'faed8766-0a1b-43cf-8e82-24496032dbe3'),
       ('c888da1b-463a-48a6-a2cd-bc773b5f0291', 'Pullup Shrug', 'https://www.youtube.com/watch?v=lSe0zDhfY2E',
        'faed8766-0a1b-43cf-8e82-24496032dbe3'),
       ('8af092af-5d23-47ce-8ec8-d7d1c31f6fd4', 'Renegade Row', 'https://barbend.com/renegade-rows/',
        '8f22a952-f791-43e8-bfc5-933e4cda1c75'),
       ('9f0752cf-b012-4bc0-96bf-c036b0acd168', 'Reverse Fly Laying Flat',
        'https://www.mayoclinic.org/healthy-lifestyle/fitness/multimedia/reverse-fly/vid-20084679',
        '8f22a952-f791-43e8-bfc5-933e4cda1c75'),
       ('f798102e-746a-4bcc-b983-94c19e492a58', 'Reverse Fly While Sitting',
        'https://www.mayoclinic.org/healthy-lifestyle/fitness/multimedia/reverse-fly/vid-20084679',
        '8f22a952-f791-43e8-bfc5-933e4cda1c75'),
       ('a70b1e36-e71c-420d-ae34-67a4f1508a5f', 'Toes To Bar Hanging Leg Raise',
        'https://www.youtube.com/watch?v=at_A-H6JTGk', 'faed8766-0a1b-43cf-8e82-24496032dbe3'),
       ('f1f8b5f6-ea8e-49ba-a38a-d441393bd982', 'U-Boat',
        'https://www.msn.com/en-us/health/exercise/strength/u-boat/ss-BBtO4ZE', 'faed8766-0a1b-43cf-8e82-24496032dbe3'),
       ('e550706f-40a7-48be-9b36-6a5cb9571bf2', 'Vertical Leg lift', 'https://www.youtube.com/watch?v=1ZNmiVkB9ns',
        'faed8766-0a1b-43cf-8e82-24496032dbe3'),
       ('4a57aa90-1810-4edf-b6f8-ec590e5201f5', 'Sumo Dumbbell Squat', null, '8f22a952-f791-43e8-bfc5-933e4cda1c75'),
       ('dacf22e3-9cf3-4b7d-af05-72bb44e2fdd2', 'Deadlift', null, '8f22a952-f791-43e8-bfc5-933e4cda1c75'),
       ('95168841-27d2-4b97-8ff9-61517c241559', 'Dumbbell Prone Lateral Raise', null,
        '8f22a952-f791-43e8-bfc5-933e4cda1c75'),
       ('b6a99767-4464-45d9-b2b4-eb4a0df0ec9a', 'Inverted Row', null, 'faed8766-0a1b-43cf-8e82-24496032dbe3'),
       ('057de2ff-86a9-463b-9049-c31b87e8a511', 'Dumbbell V-Sit Cross Jab', null,
        '8f22a952-f791-43e8-bfc5-933e4cda1c75'),
       ('850ce557-f9ec-42f5-b189-f2d94abbe366', 'Barbell Strait Leg Deadlift', null,
        '8f22a952-f791-43e8-bfc5-933e4cda1c75'),
       ('98ea6243-b081-4c62-9f5f-a7452d153637', 'Dumbbell Woodchop', null, '8f22a952-f791-43e8-bfc5-933e4cda1c75'),
       ('2fd81556-2bd7-4a04-a765-ce4d3151f4af', 'Dumbbell V-up', null, '8f22a952-f791-43e8-bfc5-933e4cda1c75'),
       ('c3b689da-1376-4ba2-b4fd-22ff506ed671', 'Chest Fly', null, '8f22a952-f791-43e8-bfc5-933e4cda1c75'),
       ('191d1883-2d72-4fe8-a992-b18d69d49f65', 'V-up', null, 'faed8766-0a1b-43cf-8e82-24496032dbe3'),
       ('fb9a1d3d-f8b4-42de-90d8-5867da4b55f5', 'Dumbbell Walking Lunges', null,
        '8f22a952-f791-43e8-bfc5-933e4cda1c75'),
       ('520ee1db-869a-485d-b495-0d5a2e3c861d', 'Dumbbell Russian Twists', null,
        '8f22a952-f791-43e8-bfc5-933e4cda1c75'),
       ('f073b003-3569-4c7a-a144-fb7d9ef049ed', 'Dumbbell Calf Raises', null, '8f22a952-f791-43e8-bfc5-933e4cda1c75'),
       ('e9d4cbfb-b86b-4e2a-9368-d31e9f82517a', 'Barbell Bench Press', null, '8f22a952-f791-43e8-bfc5-933e4cda1c75'),
       ('53178b99-5af8-491c-824c-40013c28b720', 'Dumbbell Squat', null, '8f22a952-f791-43e8-bfc5-933e4cda1c75'),
       ('1053e49e-8a5b-46ba-a7db-9320b30fe5db', 'Barbell Walking Lunges', null, '8f22a952-f791-43e8-bfc5-933e4cda1c75'),
       ('c99e5795-1dc7-4596-a18c-fb6ceeeb3543', 'Lateral Raise', null, '8f22a952-f791-43e8-bfc5-933e4cda1c75'),
       ('535d985e-6a31-4202-8ccc-d739800da910', 'Alternating Crossover', null, 'faed8766-0a1b-43cf-8e82-24496032dbe3'),
       ('be30b630-37f7-40a8-9c20-df8c37395b98', 'Dumbbell Front Lateral Raise', null,
        '8f22a952-f791-43e8-bfc5-933e4cda1c75'),
       ('7ec6f738-f416-4edd-a57c-ab4124323578', 'Barbell Incline Bench Press', null,
        '8f22a952-f791-43e8-bfc5-933e4cda1c75'),
       ('bfaa0594-fb26-4b17-8ac5-358bdc3dd844', 'Dumbbell Bent Over Row', null, '8f22a952-f791-43e8-bfc5-933e4cda1c75'),
       ('532f38fd-c5bd-4b49-a6b9-e415d1f110d7', 'Power Clean', null, '8f22a952-f791-43e8-bfc5-933e4cda1c75'),
       ('03f139ef-5022-424a-9629-7e973473f523', 'Concentration Curl', null, '8f22a952-f791-43e8-bfc5-933e4cda1c75'),
       ('bbdaeefb-265e-4bb9-859f-b683e34f1c53', 'Barbell Shoulder Press', null, '8f22a952-f791-43e8-bfc5-933e4cda1c75'),
       ('df14680c-d49c-448f-bf12-77700ce101d9', 'Barbell Squat', null, '8f22a952-f791-43e8-bfc5-933e4cda1c75'),
       ('31137284-809d-4417-936e-678954a001e1', 'Tricep Kickback', null, '8f22a952-f791-43e8-bfc5-933e4cda1c75'),
       ('b39c414b-de69-442d-bc2f-7b2ad2640919', 'Dumbbell Single Leg Deadlift', null,
        '8f22a952-f791-43e8-bfc5-933e4cda1c75'),
       ('23368a66-4066-422e-8689-286f0d1138c3', 'Hammer Curl', null, '8f22a952-f791-43e8-bfc5-933e4cda1c75'),
       ('423900d6-1528-492e-b14c-235b02c788d2', 'Dumbbell Strait Leg Deadlift', null,
        '8f22a952-f791-43e8-bfc5-933e4cda1c75'),
       ('e7f01669-e9a5-4cf8-ac59-59f84aa155d5', 'T-Plank', null, '8f22a952-f791-43e8-bfc5-933e4cda1c75'),
       ('bd0c7678-a742-4632-b9d9-883d056436e1', 'Barbell Calf Raises', null, '8f22a952-f791-43e8-bfc5-933e4cda1c75'),
       ('37d63d99-0b5b-4f13-ae59-4e6ff168e684', 'Barbell Bent Over Row', null, '8f22a952-f791-43e8-bfc5-933e4cda1c75'),
       ('477b1734-5b28-4e36-9e39-02e13462cd4e', 'Dumbbell Upright Row', null, '8f22a952-f791-43e8-bfc5-933e4cda1c75'),
       ('1b0904db-a876-492c-981f-014c354a3c92', 'Dumbbell Tricep Extension', null,
        '8f22a952-f791-43e8-bfc5-933e4cda1c75'),
       ('c48b51ba-6ab2-4acf-bed0-26cf673efb0e', 'Dumbbell Alternating Crossover', null,
        '8f22a952-f791-43e8-bfc5-933e4cda1c75'),
       ('ac43231d-57a6-42fa-afa4-f6b9dae75c86', 'Dumbbell Donkey Kick', null, '8f22a952-f791-43e8-bfc5-933e4cda1c75'),
       ('819107e0-a9ee-4351-a123-af432c87a933', 'Pull Up', null, 'faed8766-0a1b-43cf-8e82-24496032dbe3'),
       ('8923ad4f-cc18-4cf6-88f4-1809ac5ae10e', 'Dumbbell Reverse Lunges', null,
        '8f22a952-f791-43e8-bfc5-933e4cda1c75'),
       ('751ae150-3a70-47c2-a37d-0e4e44762a7e', 'Front raise thumbs up', null, 'faed8766-0a1b-43cf-8e82-24496032dbe3'),
       ('64a5a6e9-fca1-4b62-bb79-10c79d40fee4', 'Dumbbell Glute Bridge', null, '8f22a952-f791-43e8-bfc5-933e4cda1c75'),
       ('6ec49641-b45d-48d1-b0f9-d75f8913e16b', 'Medicine Ball Russian Twists', null,
        '8f22a952-f791-43e8-bfc5-933e4cda1c75'),
       ('1ce3ac3e-080b-4288-8770-d0e14522d45e', 'Resistance Band Woodchop', null,
        'f0a53461-d83e-4165-9d69-9a744739c25e'),
       ('f0826299-7c90-4994-9e6a-c89eed8cda70', 'Push Up', null, 'faed8766-0a1b-43cf-8e82-24496032dbe3'),
       ('2ac8f22a-6708-4896-b0b2-9648db6ebeff', 'Kettlebell Swing', null, '8f22a952-f791-43e8-bfc5-933e4cda1c75'),
       ('7cbf851b-5d60-47c2-9c63-4d89af44db3d', 'Dumbbell Side Bend', null, '8f22a952-f791-43e8-bfc5-933e4cda1c75'),
       ('cecd578e-e099-4abe-ad84-bda4906c8fe4', 'Incline Dumbbell Bench Press', null,
        '8f22a952-f791-43e8-bfc5-933e4cda1c75'),
       ('6ae18135-df6f-4b55-ab8d-88b9202fdba8', 'Ab Crunch With Vertical Legs',
        'https://www.verywellfit.com/vertical-leg-crunch-3120071', 'faed8766-0a1b-43cf-8e82-24496032dbe3'),
       ('e3ace901-0ae1-4961-9778-a09eadaf6859', 'Long Distance Run', null, 'faed8766-0a1b-43cf-8e82-24496032dbe3'),
       ('dea6c178-b2de-477b-ac9a-dccc4e063fbb', 'Dumbbell Shoulder Press', null,
        '8f22a952-f791-43e8-bfc5-933e4cda1c75'),
       ('6ca29a28-7af6-4fb5-9fcc-c1f9763c7a14', 'Dumbbell Swing', null, '8f22a952-f791-43e8-bfc5-933e4cda1c75'),
       ('72bcefde-1ceb-41be-bdec-805ce0af923b', 'Dumbbell Shoulder Shrug', null,
        '8f22a952-f791-43e8-bfc5-933e4cda1c75'),
       ('a1c5f4a1-d387-4e95-9b4c-3cfa3eed64f1', 'Alternating Heal Touches',
        'https://www.jefit.com/exercises/58/Alternate-Heel-Touchers', 'faed8766-0a1b-43cf-8e82-24496032dbe3'),
       ('b26baaab-556f-45cb-bea6-54752510f0f4', 'Decline Bench Curl Up with Plate',
        'https://www.youtube.com/watch?v=LYQDWPpNjok', '8f22a952-f791-43e8-bfc5-933e4cda1c75'),
       ('8a0ec9f4-2804-4727-abb1-a568e6e16b28', 'Double Crunch', 'https://www.youtube.com/watch?v=otOKB-iZ548',
        'faed8766-0a1b-43cf-8e82-24496032dbe3'),
       ('9dc8b22e-cf77-42ad-9b1c-c491a4b5e200', 'Dumbbell Weighted Crunch',
        'https://www.jensinkler.com/project/dumbbell-weighted-crunch/', '8f22a952-f791-43e8-bfc5-933e4cda1c75'),
       ('3023c3e8-c41f-4f91-b70a-d0b868fda445', 'Leg Climb',
        'https://www.google.com/search?client=firefox-b-1-d&q=leg+climb+exercise#kpvalbx=_J4CYYNHYM-Wg_Qa1sYeIAg19',
        'faed8766-0a1b-43cf-8e82-24496032dbe3'),
       ('192494a3-a17a-4e00-8b4f-82fe0675d0b5', 'Plate Weighted Crunch', 'https://www.youtube.com/watch?v=6L5GptvvQaU',
        '8f22a952-f791-43e8-bfc5-933e4cda1c75'),
       ('adc8c1ab-d428-475d-b93f-814b93c13c5f', 'Reclining Leg Circles',
        'https://www.muscleandfitness.com/exercise/workouts/abs-and-core-exercises/reclining-circle/',
        'faed8766-0a1b-43cf-8e82-24496032dbe3'),
       ('09fd3a51-e728-498f-8e6e-7971ae1327f2', 'Reverse Plank Hover',
        'https://www.muscleandfitness.com/exercise/workouts/abs-and-core-exercises/reverse-plank-hover/',
        'faed8766-0a1b-43cf-8e82-24496032dbe3'),
       ('209e1d34-75db-4b3c-8d80-7f4bec49cdaa', 'Scapular Retraction',
        'https://www.youtube.com/watch?v=3AZ_iF-_RFE&t=29s', 'f0a53461-d83e-4165-9d69-9a744739c25e'),
       ('f66298a2-cfa0-4888-9e65-9a04926158b2', 'Scapular wall slides', 'https://www.youtube.com/watch?v=OtgQDv7u1TM',
        'faed8766-0a1b-43cf-8e82-24496032dbe3'),
       ('ee8441b5-8b23-4fbe-a17b-ed64c0795bba', 'Single Leg Split Squat', 'https://www.youtube.com/watch?v=sZgMPlnwZYo',
        '8f22a952-f791-43e8-bfc5-933e4cda1c75'),
       ('f99e3c45-cfd9-4524-a777-227b89ab9509', 'Stability Ball Crunch', 'https://www.youtube.com/watch?v=HNZjpnyu3Q8',
        'faed8766-0a1b-43cf-8e82-24496032dbe3'),
       ('2f258747-30aa-48cc-9b89-e38efdfcca5b', 'Thruster', 'https://www.youtube.com/watch?v=M5gEwLTtWbg',
        '8f22a952-f791-43e8-bfc5-933e4cda1c75'),
       ('3b24c77d-0a73-4372-9afc-3967b796a017', 'V-Sit Cross Jab', 'https://www.youtube.com/watch?v=peTje_sz0V0',
        '8f22a952-f791-43e8-bfc5-933e4cda1c75'),
       ('d1dcb6e5-7bec-4ce8-ab89-1e1f3b0c7296', 'Kettlebell Side Bend', null, '8f22a952-f791-43e8-bfc5-933e4cda1c75'),
       ('8602989d-bfae-4007-85d1-2d1fc9e93e21', 'Barbell Reverse Lunges', null, '8f22a952-f791-43e8-bfc5-933e4cda1c75'),
       ('f072693b-1899-486b-a4d9-92dae2fe7f02', 'Front raise Dumbbells up', null,
        '8f22a952-f791-43e8-bfc5-933e4cda1c75'),
       ('9d42bf46-e72c-4e72-8144-bb19a374246f', 'Dumbbell Bench Press', null, '8f22a952-f791-43e8-bfc5-933e4cda1c75'),
       ('a7e5eb63-7bad-41e3-8eb9-8401af8dfe61', 'Dumbbell Skull Crusher', null, '8f22a952-f791-43e8-bfc5-933e4cda1c75'),
       ('3cd56631-8cd2-4582-9288-82980243d036', 'Dumbbell One Arm Row', null, '8f22a952-f791-43e8-bfc5-933e4cda1c75'),
       ('7125385b-ee9b-4a62-81a5-7f7b0a2c3e0f', 'Barbell Lat Pullover', null, '8f22a952-f791-43e8-bfc5-933e4cda1c75'),
       ('7b9493b8-7b20-41e2-b8f7-f4cad53a7b54', 'Front Barbell Squat', null, '8f22a952-f791-43e8-bfc5-933e4cda1c75'),
       ('68b588f7-e54a-48e5-b28a-7dc3833f1acc', 'Bent Over Reverse Fly', null, '8f22a952-f791-43e8-bfc5-933e4cda1c75'),
       ('07d4b09c-dde9-4115-9b4c-ebbb98727a34', 'Dumbbell Step Up', null, '8f22a952-f791-43e8-bfc5-933e4cda1c75'),
       ('828ff636-f00e-4dd0-8fef-83b338b75f36', 'Windshield Wipers',
        'https://www.livestrong.com/article/13764019-windshield-wipers-exercise/',
        'faed8766-0a1b-43cf-8e82-24496032dbe3'),
       ('670b4a21-5dfd-441a-87be-2115d4319618', 'Dip', 'https://www.youtube.com/watch?v=wjUmnZH528Y',
        'faed8766-0a1b-43cf-8e82-24496032dbe3'),
       ('cd6a79d8-0228-4ed7-84de-96960ac227ff', 'Dumbell Weighted Dip', 'https://www.youtube.com/watch?v=wjUmnZH528Y',
        '8f22a952-f791-43e8-bfc5-933e4cda1c75'),
       ('18a74286-052e-4847-98fe-3142bdf6281c', 'Weight Belt Weighted Dip',
        'https://www.youtube.com/watch?v=wjUmnZH528Y', '8f22a952-f791-43e8-bfc5-933e4cda1c75'),
       ('b04ae1d3-41c3-416d-b633-64a16eaaf656', 'Weighted Pull Ups', 'https://www.youtube.com/watch?v=wjUmnZH528Y',
        '8f22a952-f791-43e8-bfc5-933e4cda1c75');


--
-- Data for Name: exercise_available_activity; Type: TABLE DATA;
--

INSERT INTO exercise_available_activity (exercise_id, activity_id)
VALUES ('6ae18135-df6f-4b55-ab8d-88b9202fdba8', '5173f557-005d-4a4b-a26a-de692a09c8f1'),
       ('6ae18135-df6f-4b55-ab8d-88b9202fdba8', 'ebcb1f67-8d85-439b-9fa6-4ce8eb0321d2'),
       ('535d985e-6a31-4202-8ccc-d739800da910', '5173f557-005d-4a4b-a26a-de692a09c8f1'),
       ('535d985e-6a31-4202-8ccc-d739800da910', 'ebcb1f67-8d85-439b-9fa6-4ce8eb0321d2'),
       ('a1c5f4a1-d387-4e95-9b4c-3cfa3eed64f1', '5173f557-005d-4a4b-a26a-de692a09c8f1'),
       ('a1c5f4a1-d387-4e95-9b4c-3cfa3eed64f1', 'ebcb1f67-8d85-439b-9fa6-4ce8eb0321d2'),
       ('e9d4cbfb-b86b-4e2a-9368-d31e9f82517a', '5173f557-005d-4a4b-a26a-de692a09c8f1'),
       ('e9d4cbfb-b86b-4e2a-9368-d31e9f82517a', 'ebcb1f67-8d85-439b-9fa6-4ce8eb0321d2'),
       ('37d63d99-0b5b-4f13-ae59-4e6ff168e684', '5173f557-005d-4a4b-a26a-de692a09c8f1'),
       ('37d63d99-0b5b-4f13-ae59-4e6ff168e684', 'ebcb1f67-8d85-439b-9fa6-4ce8eb0321d2'),
       ('bd0c7678-a742-4632-b9d9-883d056436e1', '5173f557-005d-4a4b-a26a-de692a09c8f1'),
       ('bd0c7678-a742-4632-b9d9-883d056436e1', 'ebcb1f67-8d85-439b-9fa6-4ce8eb0321d2'),
       ('7ec6f738-f416-4edd-a57c-ab4124323578', '5173f557-005d-4a4b-a26a-de692a09c8f1'),
       ('7ec6f738-f416-4edd-a57c-ab4124323578', 'ebcb1f67-8d85-439b-9fa6-4ce8eb0321d2'),
       ('7125385b-ee9b-4a62-81a5-7f7b0a2c3e0f', '5173f557-005d-4a4b-a26a-de692a09c8f1'),
       ('7125385b-ee9b-4a62-81a5-7f7b0a2c3e0f', 'ebcb1f67-8d85-439b-9fa6-4ce8eb0321d2'),
       ('8602989d-bfae-4007-85d1-2d1fc9e93e21', '5173f557-005d-4a4b-a26a-de692a09c8f1'),
       ('8602989d-bfae-4007-85d1-2d1fc9e93e21', 'ebcb1f67-8d85-439b-9fa6-4ce8eb0321d2'),
       ('df14680c-d49c-448f-bf12-77700ce101d9', '5173f557-005d-4a4b-a26a-de692a09c8f1'),
       ('df14680c-d49c-448f-bf12-77700ce101d9', 'ebcb1f67-8d85-439b-9fa6-4ce8eb0321d2'),
       ('850ce557-f9ec-42f5-b189-f2d94abbe366', '5173f557-005d-4a4b-a26a-de692a09c8f1'),
       ('850ce557-f9ec-42f5-b189-f2d94abbe366', 'ebcb1f67-8d85-439b-9fa6-4ce8eb0321d2'),
       ('1053e49e-8a5b-46ba-a7db-9320b30fe5db', '5173f557-005d-4a4b-a26a-de692a09c8f1'),
       ('1053e49e-8a5b-46ba-a7db-9320b30fe5db', 'f804b832-08e4-4e19-9cf2-0fd2f97c9c00'),
       ('1053e49e-8a5b-46ba-a7db-9320b30fe5db', 'ebcb1f67-8d85-439b-9fa6-4ce8eb0321d2'),
       ('8abb9cbb-7b45-40ea-bfc4-39953852f6a6', '5173f557-005d-4a4b-a26a-de692a09c8f1'),
       ('8abb9cbb-7b45-40ea-bfc4-39953852f6a6', 'ebcb1f67-8d85-439b-9fa6-4ce8eb0321d2'),
       ('68b588f7-e54a-48e5-b28a-7dc3833f1acc', '5173f557-005d-4a4b-a26a-de692a09c8f1'),
       ('68b588f7-e54a-48e5-b28a-7dc3833f1acc', 'ebcb1f67-8d85-439b-9fa6-4ce8eb0321d2'),
       ('abfe4e5d-c80b-45cf-96e8-0ed7813abdd9', '5173f557-005d-4a4b-a26a-de692a09c8f1'),
       ('abfe4e5d-c80b-45cf-96e8-0ed7813abdd9', 'ebcb1f67-8d85-439b-9fa6-4ce8eb0321d2'),
       ('0f108583-1232-4208-8abc-5681ba5b5f8f', '5173f557-005d-4a4b-a26a-de692a09c8f1'),
       ('0f108583-1232-4208-8abc-5681ba5b5f8f', 'ebcb1f67-8d85-439b-9fa6-4ce8eb0321d2'),
       ('c3b689da-1376-4ba2-b4fd-22ff506ed671', '5173f557-005d-4a4b-a26a-de692a09c8f1'),
       ('c3b689da-1376-4ba2-b4fd-22ff506ed671', 'ebcb1f67-8d85-439b-9fa6-4ce8eb0321d2'),
       ('03f139ef-5022-424a-9629-7e973473f523', '5173f557-005d-4a4b-a26a-de692a09c8f1'),
       ('03f139ef-5022-424a-9629-7e973473f523', 'ebcb1f67-8d85-439b-9fa6-4ce8eb0321d2'),
       ('10f78d5a-0e16-4119-bf8d-16804920f644', '5173f557-005d-4a4b-a26a-de692a09c8f1'),
       ('10f78d5a-0e16-4119-bf8d-16804920f644', 'ebcb1f67-8d85-439b-9fa6-4ce8eb0321d2'),
       ('dacf22e3-9cf3-4b7d-af05-72bb44e2fdd2', '5173f557-005d-4a4b-a26a-de692a09c8f1'),
       ('dacf22e3-9cf3-4b7d-af05-72bb44e2fdd2', 'ebcb1f67-8d85-439b-9fa6-4ce8eb0321d2'),
       ('b26baaab-556f-45cb-bea6-54752510f0f4', '5173f557-005d-4a4b-a26a-de692a09c8f1'),
       ('b26baaab-556f-45cb-bea6-54752510f0f4', 'ebcb1f67-8d85-439b-9fa6-4ce8eb0321d2'),
       ('8a0ec9f4-2804-4727-abb1-a568e6e16b28', '5173f557-005d-4a4b-a26a-de692a09c8f1'),
       ('8a0ec9f4-2804-4727-abb1-a568e6e16b28', 'ebcb1f67-8d85-439b-9fa6-4ce8eb0321d2'),
       ('c48b51ba-6ab2-4acf-bed0-26cf673efb0e', '5173f557-005d-4a4b-a26a-de692a09c8f1'),
       ('c48b51ba-6ab2-4acf-bed0-26cf673efb0e', 'ebcb1f67-8d85-439b-9fa6-4ce8eb0321d2'),
       ('9d42bf46-e72c-4e72-8144-bb19a374246f', '5173f557-005d-4a4b-a26a-de692a09c8f1'),
       ('9d42bf46-e72c-4e72-8144-bb19a374246f', 'ebcb1f67-8d85-439b-9fa6-4ce8eb0321d2'),
       ('bfaa0594-fb26-4b17-8ac5-358bdc3dd844', '5173f557-005d-4a4b-a26a-de692a09c8f1'),
       ('bfaa0594-fb26-4b17-8ac5-358bdc3dd844', 'ebcb1f67-8d85-439b-9fa6-4ce8eb0321d2'),
       ('f073b003-3569-4c7a-a144-fb7d9ef049ed', '5173f557-005d-4a4b-a26a-de692a09c8f1'),
       ('f073b003-3569-4c7a-a144-fb7d9ef049ed', 'ebcb1f67-8d85-439b-9fa6-4ce8eb0321d2'),
       ('ac43231d-57a6-42fa-afa4-f6b9dae75c86', '5173f557-005d-4a4b-a26a-de692a09c8f1'),
       ('ac43231d-57a6-42fa-afa4-f6b9dae75c86', 'ebcb1f67-8d85-439b-9fa6-4ce8eb0321d2'),
       ('be30b630-37f7-40a8-9c20-df8c37395b98', '5173f557-005d-4a4b-a26a-de692a09c8f1'),
       ('be30b630-37f7-40a8-9c20-df8c37395b98', 'ebcb1f67-8d85-439b-9fa6-4ce8eb0321d2'),
       ('64a5a6e9-fca1-4b62-bb79-10c79d40fee4', '5173f557-005d-4a4b-a26a-de692a09c8f1'),
       ('64a5a6e9-fca1-4b62-bb79-10c79d40fee4', 'ebcb1f67-8d85-439b-9fa6-4ce8eb0321d2'),
       ('f2fb6ed0-67eb-4bf9-9da9-807d003111e3', '5173f557-005d-4a4b-a26a-de692a09c8f1'),
       ('f2fb6ed0-67eb-4bf9-9da9-807d003111e3', 'ebcb1f67-8d85-439b-9fa6-4ce8eb0321d2'),
       ('3cd56631-8cd2-4582-9288-82980243d036', '5173f557-005d-4a4b-a26a-de692a09c8f1'),
       ('3cd56631-8cd2-4582-9288-82980243d036', 'ebcb1f67-8d85-439b-9fa6-4ce8eb0321d2'),
       ('95168841-27d2-4b97-8ff9-61517c241559', '5173f557-005d-4a4b-a26a-de692a09c8f1'),
       ('95168841-27d2-4b97-8ff9-61517c241559', 'ebcb1f67-8d85-439b-9fa6-4ce8eb0321d2'),
       ('8923ad4f-cc18-4cf6-88f4-1809ac5ae10e', '5173f557-005d-4a4b-a26a-de692a09c8f1'),
       ('8923ad4f-cc18-4cf6-88f4-1809ac5ae10e', 'ebcb1f67-8d85-439b-9fa6-4ce8eb0321d2'),
       ('520ee1db-869a-485d-b495-0d5a2e3c861d', '5173f557-005d-4a4b-a26a-de692a09c8f1'),
       ('520ee1db-869a-485d-b495-0d5a2e3c861d', 'ebcb1f67-8d85-439b-9fa6-4ce8eb0321d2'),
       ('72bcefde-1ceb-41be-bdec-805ce0af923b', '5173f557-005d-4a4b-a26a-de692a09c8f1'),
       ('72bcefde-1ceb-41be-bdec-805ce0af923b', 'ebcb1f67-8d85-439b-9fa6-4ce8eb0321d2'),
       ('7cbf851b-5d60-47c2-9c63-4d89af44db3d', '5173f557-005d-4a4b-a26a-de692a09c8f1'),
       ('7cbf851b-5d60-47c2-9c63-4d89af44db3d', 'ebcb1f67-8d85-439b-9fa6-4ce8eb0321d2'),
       ('b39c414b-de69-442d-bc2f-7b2ad2640919', '5173f557-005d-4a4b-a26a-de692a09c8f1'),
       ('b39c414b-de69-442d-bc2f-7b2ad2640919', 'ebcb1f67-8d85-439b-9fa6-4ce8eb0321d2'),
       ('a7e5eb63-7bad-41e3-8eb9-8401af8dfe61', '5173f557-005d-4a4b-a26a-de692a09c8f1'),
       ('a7e5eb63-7bad-41e3-8eb9-8401af8dfe61', 'ebcb1f67-8d85-439b-9fa6-4ce8eb0321d2'),
       ('53178b99-5af8-491c-824c-40013c28b720', '5173f557-005d-4a4b-a26a-de692a09c8f1'),
       ('53178b99-5af8-491c-824c-40013c28b720', 'ebcb1f67-8d85-439b-9fa6-4ce8eb0321d2'),
       ('07d4b09c-dde9-4115-9b4c-ebbb98727a34', '5173f557-005d-4a4b-a26a-de692a09c8f1'),
       ('07d4b09c-dde9-4115-9b4c-ebbb98727a34', 'ebcb1f67-8d85-439b-9fa6-4ce8eb0321d2'),
       ('423900d6-1528-492e-b14c-235b02c788d2', '5173f557-005d-4a4b-a26a-de692a09c8f1'),
       ('423900d6-1528-492e-b14c-235b02c788d2', 'ebcb1f67-8d85-439b-9fa6-4ce8eb0321d2'),
       ('6ca29a28-7af6-4fb5-9fcc-c1f9763c7a14', '5173f557-005d-4a4b-a26a-de692a09c8f1'),
       ('6ca29a28-7af6-4fb5-9fcc-c1f9763c7a14', 'ebcb1f67-8d85-439b-9fa6-4ce8eb0321d2'),
       ('1b0904db-a876-492c-981f-014c354a3c92', '5173f557-005d-4a4b-a26a-de692a09c8f1'),
       ('1b0904db-a876-492c-981f-014c354a3c92', 'ebcb1f67-8d85-439b-9fa6-4ce8eb0321d2'),
       ('477b1734-5b28-4e36-9e39-02e13462cd4e', '5173f557-005d-4a4b-a26a-de692a09c8f1'),
       ('477b1734-5b28-4e36-9e39-02e13462cd4e', 'ebcb1f67-8d85-439b-9fa6-4ce8eb0321d2'),
       ('057de2ff-86a9-463b-9049-c31b87e8a511', '5173f557-005d-4a4b-a26a-de692a09c8f1'),
       ('057de2ff-86a9-463b-9049-c31b87e8a511', 'ebcb1f67-8d85-439b-9fa6-4ce8eb0321d2'),
       ('2fd81556-2bd7-4a04-a765-ce4d3151f4af', '5173f557-005d-4a4b-a26a-de692a09c8f1'),
       ('2fd81556-2bd7-4a04-a765-ce4d3151f4af', 'ebcb1f67-8d85-439b-9fa6-4ce8eb0321d2'),
       ('fb9a1d3d-f8b4-42de-90d8-5867da4b55f5', '5173f557-005d-4a4b-a26a-de692a09c8f1'),
       ('fb9a1d3d-f8b4-42de-90d8-5867da4b55f5', 'f804b832-08e4-4e19-9cf2-0fd2f97c9c00'),
       ('fb9a1d3d-f8b4-42de-90d8-5867da4b55f5', 'ebcb1f67-8d85-439b-9fa6-4ce8eb0321d2'),
       ('9dc8b22e-cf77-42ad-9b1c-c491a4b5e200', '5173f557-005d-4a4b-a26a-de692a09c8f1'),
       ('9dc8b22e-cf77-42ad-9b1c-c491a4b5e200', 'ebcb1f67-8d85-439b-9fa6-4ce8eb0321d2'),
       ('98ea6243-b081-4c62-9f5f-a7452d153637', '5173f557-005d-4a4b-a26a-de692a09c8f1'),
       ('98ea6243-b081-4c62-9f5f-a7452d153637', 'ebcb1f67-8d85-439b-9fa6-4ce8eb0321d2'),
       ('627696a1-a436-4c6c-96c6-7b90020513a8', '5173f557-005d-4a4b-a26a-de692a09c8f1'),
       ('627696a1-a436-4c6c-96c6-7b90020513a8', 'ebcb1f67-8d85-439b-9fa6-4ce8eb0321d2'),
       ('ed3809f4-b3ae-43cf-8b3a-8d9f38adb29f', '5173f557-005d-4a4b-a26a-de692a09c8f1'),
       ('ed3809f4-b3ae-43cf-8b3a-8d9f38adb29f', 'ebcb1f67-8d85-439b-9fa6-4ce8eb0321d2'),
       ('cc88b3bf-d421-45e8-a4b9-8979860bf8be', '5173f557-005d-4a4b-a26a-de692a09c8f1'),
       ('cc88b3bf-d421-45e8-a4b9-8979860bf8be', 'ebcb1f67-8d85-439b-9fa6-4ce8eb0321d2'),
       ('c6b105e6-4209-42b1-9597-f961d4729452', '5173f557-005d-4a4b-a26a-de692a09c8f1'),
       ('c6b105e6-4209-42b1-9597-f961d4729452', 'ebcb1f67-8d85-439b-9fa6-4ce8eb0321d2'),
       ('7b9493b8-7b20-41e2-b8f7-f4cad53a7b54', '5173f557-005d-4a4b-a26a-de692a09c8f1'),
       ('7b9493b8-7b20-41e2-b8f7-f4cad53a7b54', 'ebcb1f67-8d85-439b-9fa6-4ce8eb0321d2'),
       ('f072693b-1899-486b-a4d9-92dae2fe7f02', '5173f557-005d-4a4b-a26a-de692a09c8f1'),
       ('f072693b-1899-486b-a4d9-92dae2fe7f02', 'ebcb1f67-8d85-439b-9fa6-4ce8eb0321d2'),
       ('751ae150-3a70-47c2-a37d-0e4e44762a7e', '5173f557-005d-4a4b-a26a-de692a09c8f1'),
       ('751ae150-3a70-47c2-a37d-0e4e44762a7e', 'ebcb1f67-8d85-439b-9fa6-4ce8eb0321d2'),
       ('23368a66-4066-422e-8689-286f0d1138c3', '5173f557-005d-4a4b-a26a-de692a09c8f1'),
       ('23368a66-4066-422e-8689-286f0d1138c3', 'ebcb1f67-8d85-439b-9fa6-4ce8eb0321d2'),
       ('d067e493-2033-4f3a-80ce-fc2517b87cc3', '5173f557-005d-4a4b-a26a-de692a09c8f1'),
       ('d067e493-2033-4f3a-80ce-fc2517b87cc3', 'ebcb1f67-8d85-439b-9fa6-4ce8eb0321d2'),
       ('cecd578e-e099-4abe-ad84-bda4906c8fe4', '5173f557-005d-4a4b-a26a-de692a09c8f1'),
       ('cecd578e-e099-4abe-ad84-bda4906c8fe4', 'ebcb1f67-8d85-439b-9fa6-4ce8eb0321d2'),
       ('b6a99767-4464-45d9-b2b4-eb4a0df0ec9a', '5173f557-005d-4a4b-a26a-de692a09c8f1'),
       ('b6a99767-4464-45d9-b2b4-eb4a0df0ec9a', 'ebcb1f67-8d85-439b-9fa6-4ce8eb0321d2'),
       ('d1dcb6e5-7bec-4ce8-ab89-1e1f3b0c7296', '5173f557-005d-4a4b-a26a-de692a09c8f1'),
       ('d1dcb6e5-7bec-4ce8-ab89-1e1f3b0c7296', 'ebcb1f67-8d85-439b-9fa6-4ce8eb0321d2'),
       ('2ac8f22a-6708-4896-b0b2-9648db6ebeff', '5173f557-005d-4a4b-a26a-de692a09c8f1'),
       ('2ac8f22a-6708-4896-b0b2-9648db6ebeff', 'ebcb1f67-8d85-439b-9fa6-4ce8eb0321d2'),
       ('934ea8f5-84ee-4c9e-a1e8-25a7741d4738', '5173f557-005d-4a4b-a26a-de692a09c8f1'),
       ('934ea8f5-84ee-4c9e-a1e8-25a7741d4738', 'ebcb1f67-8d85-439b-9fa6-4ce8eb0321d2'),
       ('3023c3e8-c41f-4f91-b70a-d0b868fda445', '5173f557-005d-4a4b-a26a-de692a09c8f1'),
       ('3023c3e8-c41f-4f91-b70a-d0b868fda445', 'ebcb1f67-8d85-439b-9fa6-4ce8eb0321d2'),
       ('e3ace901-0ae1-4961-9778-a09eadaf6859', '5173f557-005d-4a4b-a26a-de692a09c8f1'),
       ('e3ace901-0ae1-4961-9778-a09eadaf6859', 'f804b832-08e4-4e19-9cf2-0fd2f97c9c00'),
       ('6ec49641-b45d-48d1-b0f9-d75f8913e16b', '5173f557-005d-4a4b-a26a-de692a09c8f1'),
       ('6ec49641-b45d-48d1-b0f9-d75f8913e16b', 'ebcb1f67-8d85-439b-9fa6-4ce8eb0321d2'),
       ('84c5c899-a2cc-45bf-8b40-a6de70a5eb45', '5173f557-005d-4a4b-a26a-de692a09c8f1'),
       ('84c5c899-a2cc-45bf-8b40-a6de70a5eb45', 'ebcb1f67-8d85-439b-9fa6-4ce8eb0321d2'),
       ('192494a3-a17a-4e00-8b4f-82fe0675d0b5', '5173f557-005d-4a4b-a26a-de692a09c8f1'),
       ('192494a3-a17a-4e00-8b4f-82fe0675d0b5', 'ebcb1f67-8d85-439b-9fa6-4ce8eb0321d2'),
       ('532f38fd-c5bd-4b49-a6b9-e415d1f110d7', 'ebcb1f67-8d85-439b-9fa6-4ce8eb0321d2'),
       ('819107e0-a9ee-4351-a123-af432c87a933', 'ebcb1f67-8d85-439b-9fa6-4ce8eb0321d2'),
       ('c888da1b-463a-48a6-a2cd-bc773b5f0291', 'ebcb1f67-8d85-439b-9fa6-4ce8eb0321d2'),
       ('f0826299-7c90-4994-9e6a-c89eed8cda70', '5173f557-005d-4a4b-a26a-de692a09c8f1'),
       ('f0826299-7c90-4994-9e6a-c89eed8cda70', 'ebcb1f67-8d85-439b-9fa6-4ce8eb0321d2'),
       ('adc8c1ab-d428-475d-b93f-814b93c13c5f', '5173f557-005d-4a4b-a26a-de692a09c8f1'),
       ('adc8c1ab-d428-475d-b93f-814b93c13c5f', 'ebcb1f67-8d85-439b-9fa6-4ce8eb0321d2'),
       ('8af092af-5d23-47ce-8ec8-d7d1c31f6fd4', '5173f557-005d-4a4b-a26a-de692a09c8f1'),
       ('8af092af-5d23-47ce-8ec8-d7d1c31f6fd4', 'ebcb1f67-8d85-439b-9fa6-4ce8eb0321d2'),
       ('1ce3ac3e-080b-4288-8770-d0e14522d45e', '5173f557-005d-4a4b-a26a-de692a09c8f1'),
       ('1ce3ac3e-080b-4288-8770-d0e14522d45e', 'ebcb1f67-8d85-439b-9fa6-4ce8eb0321d2'),
       ('9f0752cf-b012-4bc0-96bf-c036b0acd168', '5173f557-005d-4a4b-a26a-de692a09c8f1'),
       ('9f0752cf-b012-4bc0-96bf-c036b0acd168', 'ebcb1f67-8d85-439b-9fa6-4ce8eb0321d2'),
       ('f798102e-746a-4bcc-b983-94c19e492a58', '5173f557-005d-4a4b-a26a-de692a09c8f1'),
       ('f798102e-746a-4bcc-b983-94c19e492a58', 'ebcb1f67-8d85-439b-9fa6-4ce8eb0321d2'),
       ('09fd3a51-e728-498f-8e6e-7971ae1327f2', '5173f557-005d-4a4b-a26a-de692a09c8f1'),
       ('09fd3a51-e728-498f-8e6e-7971ae1327f2', 'ebcb1f67-8d85-439b-9fa6-4ce8eb0321d2'),
       ('209e1d34-75db-4b3c-8d80-7f4bec49cdaa', '5173f557-005d-4a4b-a26a-de692a09c8f1'),
       ('209e1d34-75db-4b3c-8d80-7f4bec49cdaa', 'ebcb1f67-8d85-439b-9fa6-4ce8eb0321d2'),
       ('f66298a2-cfa0-4888-9e65-9a04926158b2', '5173f557-005d-4a4b-a26a-de692a09c8f1'),
       ('f66298a2-cfa0-4888-9e65-9a04926158b2', 'ebcb1f67-8d85-439b-9fa6-4ce8eb0321d2'),
       ('dea6c178-b2de-477b-ac9a-dccc4e063fbb', '5173f557-005d-4a4b-a26a-de692a09c8f1'),
       ('dea6c178-b2de-477b-ac9a-dccc4e063fbb', 'ebcb1f67-8d85-439b-9fa6-4ce8eb0321d2'),
       ('bbdaeefb-265e-4bb9-859f-b683e34f1c53', '5173f557-005d-4a4b-a26a-de692a09c8f1'),
       ('bbdaeefb-265e-4bb9-859f-b683e34f1c53', 'ebcb1f67-8d85-439b-9fa6-4ce8eb0321d2'),
       ('ee8441b5-8b23-4fbe-a17b-ed64c0795bba', '5173f557-005d-4a4b-a26a-de692a09c8f1'),
       ('ee8441b5-8b23-4fbe-a17b-ed64c0795bba', 'ebcb1f67-8d85-439b-9fa6-4ce8eb0321d2'),
       ('f99e3c45-cfd9-4524-a777-227b89ab9509', '5173f557-005d-4a4b-a26a-de692a09c8f1'),
       ('f99e3c45-cfd9-4524-a777-227b89ab9509', 'ebcb1f67-8d85-439b-9fa6-4ce8eb0321d2'),
       ('4a57aa90-1810-4edf-b6f8-ec590e5201f5', '5173f557-005d-4a4b-a26a-de692a09c8f1'),
       ('4a57aa90-1810-4edf-b6f8-ec590e5201f5', 'ebcb1f67-8d85-439b-9fa6-4ce8eb0321d2'),
       ('2f258747-30aa-48cc-9b89-e38efdfcca5b', '5173f557-005d-4a4b-a26a-de692a09c8f1'),
       ('2f258747-30aa-48cc-9b89-e38efdfcca5b', 'ebcb1f67-8d85-439b-9fa6-4ce8eb0321d2'),
       ('a70b1e36-e71c-420d-ae34-67a4f1508a5f', '5173f557-005d-4a4b-a26a-de692a09c8f1'),
       ('a70b1e36-e71c-420d-ae34-67a4f1508a5f', 'ebcb1f67-8d85-439b-9fa6-4ce8eb0321d2'),
       ('e7f01669-e9a5-4cf8-ac59-59f84aa155d5', '5173f557-005d-4a4b-a26a-de692a09c8f1'),
       ('e7f01669-e9a5-4cf8-ac59-59f84aa155d5', 'ebcb1f67-8d85-439b-9fa6-4ce8eb0321d2'),
       ('31137284-809d-4417-936e-678954a001e1', '5173f557-005d-4a4b-a26a-de692a09c8f1'),
       ('31137284-809d-4417-936e-678954a001e1', 'ebcb1f67-8d85-439b-9fa6-4ce8eb0321d2'),
       ('f1f8b5f6-ea8e-49ba-a38a-d441393bd982', '5173f557-005d-4a4b-a26a-de692a09c8f1'),
       ('f1f8b5f6-ea8e-49ba-a38a-d441393bd982', 'ebcb1f67-8d85-439b-9fa6-4ce8eb0321d2'),
       ('e550706f-40a7-48be-9b36-6a5cb9571bf2', '5173f557-005d-4a4b-a26a-de692a09c8f1'),
       ('e550706f-40a7-48be-9b36-6a5cb9571bf2', 'ebcb1f67-8d85-439b-9fa6-4ce8eb0321d2'),
       ('3b24c77d-0a73-4372-9afc-3967b796a017', '5173f557-005d-4a4b-a26a-de692a09c8f1'),
       ('3b24c77d-0a73-4372-9afc-3967b796a017', 'ebcb1f67-8d85-439b-9fa6-4ce8eb0321d2'),
       ('191d1883-2d72-4fe8-a992-b18d69d49f65', '5173f557-005d-4a4b-a26a-de692a09c8f1'),
       ('191d1883-2d72-4fe8-a992-b18d69d49f65', 'ebcb1f67-8d85-439b-9fa6-4ce8eb0321d2'),
       ('828ff636-f00e-4dd0-8fef-83b338b75f36', '5173f557-005d-4a4b-a26a-de692a09c8f1'),
       ('828ff636-f00e-4dd0-8fef-83b338b75f36', 'ebcb1f67-8d85-439b-9fa6-4ce8eb0321d2'),
       ('670b4a21-5dfd-441a-87be-2115d4319618', '5173f557-005d-4a4b-a26a-de692a09c8f1'),
       ('670b4a21-5dfd-441a-87be-2115d4319618', 'ebcb1f67-8d85-439b-9fa6-4ce8eb0321d2'),
       ('cd6a79d8-0228-4ed7-84de-96960ac227ff', '5173f557-005d-4a4b-a26a-de692a09c8f1'),
       ('cd6a79d8-0228-4ed7-84de-96960ac227ff', 'ebcb1f67-8d85-439b-9fa6-4ce8eb0321d2'),
       ('18a74286-052e-4847-98fe-3142bdf6281c', '5173f557-005d-4a4b-a26a-de692a09c8f1'),
       ('18a74286-052e-4847-98fe-3142bdf6281c', 'ebcb1f67-8d85-439b-9fa6-4ce8eb0321d2'),
       ('b04ae1d3-41c3-416d-b633-64a16eaaf656', 'ebcb1f67-8d85-439b-9fa6-4ce8eb0321d2');


--
-- Data for Name: exercise_required_equipment; Type: TABLE DATA;
--

INSERT INTO exercise_required_equipment (exercise_id, required_equipment_id)
VALUES ('934ea8f5-84ee-4c9e-a1e8-25a7741d4738', '80cb6261-3d8d-42a6-ae95-0230ecaa84ab'),
       ('9d42bf46-e72c-4e72-8144-bb19a374246f', '80cb6261-3d8d-42a6-ae95-0230ecaa84ab'),
       ('e9d4cbfb-b86b-4e2a-9368-d31e9f82517a', '27c814b7-58ca-4d8e-95a8-e3e7117accf5'),
       ('7ec6f738-f416-4edd-a57c-ab4124323578', '27c814b7-58ca-4d8e-95a8-e3e7117accf5'),
       ('c3b689da-1376-4ba2-b4fd-22ff506ed671', '80cb6261-3d8d-42a6-ae95-0230ecaa84ab'),
       ('cecd578e-e099-4abe-ad84-bda4906c8fe4', '80cb6261-3d8d-42a6-ae95-0230ecaa84ab'),
       ('10f78d5a-0e16-4119-bf8d-16804920f644', '80cb6261-3d8d-42a6-ae95-0230ecaa84ab'),
       ('1b0904db-a876-492c-981f-014c354a3c92', '80cb6261-3d8d-42a6-ae95-0230ecaa84ab'),
       ('a7e5eb63-7bad-41e3-8eb9-8401af8dfe61', '80cb6261-3d8d-42a6-ae95-0230ecaa84ab'),
       ('31137284-809d-4417-936e-678954a001e1', '80cb6261-3d8d-42a6-ae95-0230ecaa84ab'),
       ('03f139ef-5022-424a-9629-7e973473f523', '80cb6261-3d8d-42a6-ae95-0230ecaa84ab'),
       ('23368a66-4066-422e-8689-286f0d1138c3', '80cb6261-3d8d-42a6-ae95-0230ecaa84ab'),
       ('819107e0-a9ee-4351-a123-af432c87a933', '7e4c007b-a1f0-472f-8c50-d9e51573db7c'),
       ('dea6c178-b2de-477b-ac9a-dccc4e063fbb', '80cb6261-3d8d-42a6-ae95-0230ecaa84ab'),
       ('72bcefde-1ceb-41be-bdec-805ce0af923b', '80cb6261-3d8d-42a6-ae95-0230ecaa84ab'),
       ('e3ace901-0ae1-4961-9778-a09eadaf6859', 'e8ad51ab-eeee-4f8c-a19f-5e0b494f010b'),
       ('477b1734-5b28-4e36-9e39-02e13462cd4e', '80cb6261-3d8d-42a6-ae95-0230ecaa84ab'),
       ('be30b630-37f7-40a8-9c20-df8c37395b98', '80cb6261-3d8d-42a6-ae95-0230ecaa84ab'),
       ('9f0752cf-b012-4bc0-96bf-c036b0acd168', '80cb6261-3d8d-42a6-ae95-0230ecaa84ab'),
       ('f798102e-746a-4bcc-b983-94c19e492a58', '80cb6261-3d8d-42a6-ae95-0230ecaa84ab'),
       ('68b588f7-e54a-48e5-b28a-7dc3833f1acc', '80cb6261-3d8d-42a6-ae95-0230ecaa84ab'),
       ('3cd56631-8cd2-4582-9288-82980243d036', '80cb6261-3d8d-42a6-ae95-0230ecaa84ab'),
       ('bfaa0594-fb26-4b17-8ac5-358bdc3dd844', '80cb6261-3d8d-42a6-ae95-0230ecaa84ab'),
       ('37d63d99-0b5b-4f13-ae59-4e6ff168e684', '27c814b7-58ca-4d8e-95a8-e3e7117accf5'),
       ('f2fb6ed0-67eb-4bf9-9da9-807d003111e3', '80cb6261-3d8d-42a6-ae95-0230ecaa84ab'),
       ('7125385b-ee9b-4a62-81a5-7f7b0a2c3e0f', '27c814b7-58ca-4d8e-95a8-e3e7117accf5'),
       ('cc88b3bf-d421-45e8-a4b9-8979860bf8be', '80cb6261-3d8d-42a6-ae95-0230ecaa84ab'),
       ('8af092af-5d23-47ce-8ec8-d7d1c31f6fd4', '80cb6261-3d8d-42a6-ae95-0230ecaa84ab'),
       ('520ee1db-869a-485d-b495-0d5a2e3c861d', '80cb6261-3d8d-42a6-ae95-0230ecaa84ab'),
       ('6ec49641-b45d-48d1-b0f9-d75f8913e16b', '184b055b-ea18-4105-8344-7f0abbe910c0'),
       ('2fd81556-2bd7-4a04-a765-ce4d3151f4af', '80cb6261-3d8d-42a6-ae95-0230ecaa84ab'),
       ('c48b51ba-6ab2-4acf-bed0-26cf673efb0e', '80cb6261-3d8d-42a6-ae95-0230ecaa84ab'),
       ('7cbf851b-5d60-47c2-9c63-4d89af44db3d', '80cb6261-3d8d-42a6-ae95-0230ecaa84ab'),
       ('d1dcb6e5-7bec-4ce8-ab89-1e1f3b0c7296', 'b74cabac-0ff6-487f-8ceb-5c83ad76d6e8'),
       ('057de2ff-86a9-463b-9049-c31b87e8a511', '80cb6261-3d8d-42a6-ae95-0230ecaa84ab'),
       ('64a5a6e9-fca1-4b62-bb79-10c79d40fee4', '80cb6261-3d8d-42a6-ae95-0230ecaa84ab'),
       ('ac43231d-57a6-42fa-afa4-f6b9dae75c86', '80cb6261-3d8d-42a6-ae95-0230ecaa84ab'),
       ('df14680c-d49c-448f-bf12-77700ce101d9', '0a303ad9-24c4-4827-84dd-2c9c7c30ecd6'),
       ('df14680c-d49c-448f-bf12-77700ce101d9', '27c814b7-58ca-4d8e-95a8-e3e7117accf5'),
       ('7b9493b8-7b20-41e2-b8f7-f4cad53a7b54', '0a303ad9-24c4-4827-84dd-2c9c7c30ecd6'),
       ('7b9493b8-7b20-41e2-b8f7-f4cad53a7b54', '27c814b7-58ca-4d8e-95a8-e3e7117accf5'),
       ('4a57aa90-1810-4edf-b6f8-ec590e5201f5', '80cb6261-3d8d-42a6-ae95-0230ecaa84ab'),
       ('07d4b09c-dde9-4115-9b4c-ebbb98727a34', '80cb6261-3d8d-42a6-ae95-0230ecaa84ab'),
       ('07d4b09c-dde9-4115-9b4c-ebbb98727a34', 'a66022bd-3f9f-4add-a91b-7a1014a19f66'),
       ('b39c414b-de69-442d-bc2f-7b2ad2640919', '80cb6261-3d8d-42a6-ae95-0230ecaa84ab'),
       ('423900d6-1528-492e-b14c-235b02c788d2', '80cb6261-3d8d-42a6-ae95-0230ecaa84ab'),
       ('850ce557-f9ec-42f5-b189-f2d94abbe366', '27c814b7-58ca-4d8e-95a8-e3e7117accf5'),
       ('dacf22e3-9cf3-4b7d-af05-72bb44e2fdd2', '27c814b7-58ca-4d8e-95a8-e3e7117accf5'),
       ('f073b003-3569-4c7a-a144-fb7d9ef049ed', '80cb6261-3d8d-42a6-ae95-0230ecaa84ab'),
       ('bd0c7678-a742-4632-b9d9-883d056436e1', '27c814b7-58ca-4d8e-95a8-e3e7117accf5'),
       ('8923ad4f-cc18-4cf6-88f4-1809ac5ae10e', '80cb6261-3d8d-42a6-ae95-0230ecaa84ab'),
       ('8602989d-bfae-4007-85d1-2d1fc9e93e21', '27c814b7-58ca-4d8e-95a8-e3e7117accf5'),
       ('1053e49e-8a5b-46ba-a7db-9320b30fe5db', '27c814b7-58ca-4d8e-95a8-e3e7117accf5'),
       ('fb9a1d3d-f8b4-42de-90d8-5867da4b55f5', '80cb6261-3d8d-42a6-ae95-0230ecaa84ab'),
       ('ee8441b5-8b23-4fbe-a17b-ed64c0795bba', '80cb6261-3d8d-42a6-ae95-0230ecaa84ab'),
       ('53178b99-5af8-491c-824c-40013c28b720', '80cb6261-3d8d-42a6-ae95-0230ecaa84ab'),
       ('532f38fd-c5bd-4b49-a6b9-e415d1f110d7', 'c6ff5754-11f5-4d05-94d3-a05adb910169'),
       ('532f38fd-c5bd-4b49-a6b9-e415d1f110d7', '27c814b7-58ca-4d8e-95a8-e3e7117accf5'),
       ('6ca29a28-7af6-4fb5-9fcc-c1f9763c7a14', '80cb6261-3d8d-42a6-ae95-0230ecaa84ab'),
       ('2ac8f22a-6708-4896-b0b2-9648db6ebeff', 'b74cabac-0ff6-487f-8ceb-5c83ad76d6e8'),
       ('2f258747-30aa-48cc-9b89-e38efdfcca5b', '80cb6261-3d8d-42a6-ae95-0230ecaa84ab'),
       ('98ea6243-b081-4c62-9f5f-a7452d153637', '80cb6261-3d8d-42a6-ae95-0230ecaa84ab'),
       ('1ce3ac3e-080b-4288-8770-d0e14522d45e', '203154e6-f54f-42e1-b91a-cbf8402b4ef4'),
       ('e7f01669-e9a5-4cf8-ac59-59f84aa155d5', '80cb6261-3d8d-42a6-ae95-0230ecaa84ab'),
       ('95168841-27d2-4b97-8ff9-61517c241559', '80cb6261-3d8d-42a6-ae95-0230ecaa84ab'),
       ('f072693b-1899-486b-a4d9-92dae2fe7f02', '80cb6261-3d8d-42a6-ae95-0230ecaa84ab'),
       ('c99e5795-1dc7-4596-a18c-fb6ceeeb3543', '80cb6261-3d8d-42a6-ae95-0230ecaa84ab'),
       ('627696a1-a436-4c6c-96c6-7b90020513a8', '203154e6-f54f-42e1-b91a-cbf8402b4ef4'),
       ('0f108583-1232-4208-8abc-5681ba5b5f8f', 'deb7f0e9-ba94-4eaf-aa4b-e079aaf27c4d'),
       ('d067e493-2033-4f3a-80ce-fc2517b87cc3', '7e4c007b-a1f0-472f-8c50-d9e51573db7c'),
       ('192494a3-a17a-4e00-8b4f-82fe0675d0b5', 'c6ff5754-11f5-4d05-94d3-a05adb910169'),
       ('9dc8b22e-cf77-42ad-9b1c-c491a4b5e200', '80cb6261-3d8d-42a6-ae95-0230ecaa84ab'),
       ('b26baaab-556f-45cb-bea6-54752510f0f4', 'c6ff5754-11f5-4d05-94d3-a05adb910169'),
       ('b26baaab-556f-45cb-bea6-54752510f0f4', 'b4baa386-03c9-4c0e-9883-cd4db434d6df'),
       ('e9d4cbfb-b86b-4e2a-9368-d31e9f82517a', 'b4baa386-03c9-4c0e-9883-cd4db434d6df'),
       ('7ec6f738-f416-4edd-a57c-ab4124323578', 'b4baa386-03c9-4c0e-9883-cd4db434d6df'),
       ('7125385b-ee9b-4a62-81a5-7f7b0a2c3e0f', 'b4baa386-03c9-4c0e-9883-cd4db434d6df'),
       ('8abb9cbb-7b45-40ea-bfc4-39953852f6a6', 'b4baa386-03c9-4c0e-9883-cd4db434d6df'),
       ('10f78d5a-0e16-4119-bf8d-16804920f644', 'b4baa386-03c9-4c0e-9883-cd4db434d6df'),
       ('9d42bf46-e72c-4e72-8144-bb19a374246f', 'b4baa386-03c9-4c0e-9883-cd4db434d6df'),
       ('f2fb6ed0-67eb-4bf9-9da9-807d003111e3', 'b4baa386-03c9-4c0e-9883-cd4db434d6df'),
       ('cecd578e-e099-4abe-ad84-bda4906c8fe4', 'b4baa386-03c9-4c0e-9883-cd4db434d6df'),
       ('c888da1b-463a-48a6-a2cd-bc773b5f0291', '7e4c007b-a1f0-472f-8c50-d9e51573db7c'),
       ('9f0752cf-b012-4bc0-96bf-c036b0acd168', 'b4baa386-03c9-4c0e-9883-cd4db434d6df'),
       ('f798102e-746a-4bcc-b983-94c19e492a58', 'b4baa386-03c9-4c0e-9883-cd4db434d6df'),
       ('209e1d34-75db-4b3c-8d80-7f4bec49cdaa', '203154e6-f54f-42e1-b91a-cbf8402b4ef4'),
       ('bbdaeefb-265e-4bb9-859f-b683e34f1c53', '27c814b7-58ca-4d8e-95a8-e3e7117accf5'),
       ('ee8441b5-8b23-4fbe-a17b-ed64c0795bba', 'b4baa386-03c9-4c0e-9883-cd4db434d6df'),
       ('f99e3c45-cfd9-4524-a777-227b89ab9509', '1feb05df-96f0-47ab-9174-3d8955fd2e2d'),
       ('3b24c77d-0a73-4372-9afc-3967b796a017', '80cb6261-3d8d-42a6-ae95-0230ecaa84ab'),
       ('670b4a21-5dfd-441a-87be-2115d4319618', 'c3ac5292-8f37-41b2-97cc-144e30d30129'),
       ('cd6a79d8-0228-4ed7-84de-96960ac227ff', '80cb6261-3d8d-42a6-ae95-0230ecaa84ab'),
       ('18a74286-052e-4847-98fe-3142bdf6281c', 'c3ac5292-8f37-41b2-97cc-144e30d30129'),
       ('18a74286-052e-4847-98fe-3142bdf6281c', '90317ec2-fc72-4b7f-9e97-021fbabc79cf'),
       ('b04ae1d3-41c3-416d-b633-64a16eaaf656', '7e4c007b-a1f0-472f-8c50-d9e51573db7c'),
       ('b04ae1d3-41c3-416d-b633-64a16eaaf656', '90317ec2-fc72-4b7f-9e97-021fbabc79cf');


--
-- Data for Name: exercise_target_muscle_groups; Type: TABLE DATA;
--
INSERT INTO exercise_target_muscle_groups (exercise_id, target_muscle_groups_id)
VALUES ('b6a99767-4464-45d9-b2b4-eb4a0df0ec9a', '02459f1c-6c26-4ee6-90e5-4ff1dab21831'),
       ('934ea8f5-84ee-4c9e-a1e8-25a7741d4738', '28a08e19-d051-4dd0-becc-d9da6bc3b384'),
       ('934ea8f5-84ee-4c9e-a1e8-25a7741d4738', '7fedcd48-be66-423a-b88e-c758d31c6c4e'),
       ('9d42bf46-e72c-4e72-8144-bb19a374246f', '7fedcd48-be66-423a-b88e-c758d31c6c4e'),
       ('9d42bf46-e72c-4e72-8144-bb19a374246f', '06857be2-3565-4922-804f-a2640a3d4240'),
       ('9d42bf46-e72c-4e72-8144-bb19a374246f', 'b1d042a1-cd4d-44bb-a95a-c434685a2ac2'),
       ('e9d4cbfb-b86b-4e2a-9368-d31e9f82517a', '7fedcd48-be66-423a-b88e-c758d31c6c4e'),
       ('e9d4cbfb-b86b-4e2a-9368-d31e9f82517a', '06857be2-3565-4922-804f-a2640a3d4240'),
       ('e9d4cbfb-b86b-4e2a-9368-d31e9f82517a', 'b1d042a1-cd4d-44bb-a95a-c434685a2ac2'),
       ('7ec6f738-f416-4edd-a57c-ab4124323578', '7fedcd48-be66-423a-b88e-c758d31c6c4e'),
       ('7ec6f738-f416-4edd-a57c-ab4124323578', '06857be2-3565-4922-804f-a2640a3d4240'),
       ('7ec6f738-f416-4edd-a57c-ab4124323578', 'b1d042a1-cd4d-44bb-a95a-c434685a2ac2'),
       ('c3b689da-1376-4ba2-b4fd-22ff506ed671', '7fedcd48-be66-423a-b88e-c758d31c6c4e'),
       ('c3b689da-1376-4ba2-b4fd-22ff506ed671', '06857be2-3565-4922-804f-a2640a3d4240'),
       ('cecd578e-e099-4abe-ad84-bda4906c8fe4', '7fedcd48-be66-423a-b88e-c758d31c6c4e'),
       ('cecd578e-e099-4abe-ad84-bda4906c8fe4', '06857be2-3565-4922-804f-a2640a3d4240'),
       ('cecd578e-e099-4abe-ad84-bda4906c8fe4', 'b1d042a1-cd4d-44bb-a95a-c434685a2ac2'),
       ('10f78d5a-0e16-4119-bf8d-16804920f644', '7fedcd48-be66-423a-b88e-c758d31c6c4e'),
       ('10f78d5a-0e16-4119-bf8d-16804920f644', '06857be2-3565-4922-804f-a2640a3d4240'),
       ('10f78d5a-0e16-4119-bf8d-16804920f644', 'b1d042a1-cd4d-44bb-a95a-c434685a2ac2'),
       ('1b0904db-a876-492c-981f-014c354a3c92', 'b1d042a1-cd4d-44bb-a95a-c434685a2ac2'),
       ('a7e5eb63-7bad-41e3-8eb9-8401af8dfe61', 'b1d042a1-cd4d-44bb-a95a-c434685a2ac2'),
       ('31137284-809d-4417-936e-678954a001e1', 'b1d042a1-cd4d-44bb-a95a-c434685a2ac2'),
       ('03f139ef-5022-424a-9629-7e973473f523', '3c06d6d0-fe7f-4059-b1c6-deff751503e1'),
       ('23368a66-4066-422e-8689-286f0d1138c3', '3c06d6d0-fe7f-4059-b1c6-deff751503e1'),
       ('819107e0-a9ee-4351-a123-af432c87a933', '3c06d6d0-fe7f-4059-b1c6-deff751503e1'),
       ('819107e0-a9ee-4351-a123-af432c87a933', '02459f1c-6c26-4ee6-90e5-4ff1dab21831'),
       ('dea6c178-b2de-477b-ac9a-dccc4e063fbb', '7fedcd48-be66-423a-b88e-c758d31c6c4e'),
       ('72bcefde-1ceb-41be-bdec-805ce0af923b', '28a08e19-d051-4dd0-becc-d9da6bc3b384'),
       ('e3ace901-0ae1-4961-9778-a09eadaf6859', '06baf562-1ad4-4e3e-83df-518d9c5f8b7c'),
       ('477b1734-5b28-4e36-9e39-02e13462cd4e', '3c06d6d0-fe7f-4059-b1c6-deff751503e1'),
       ('477b1734-5b28-4e36-9e39-02e13462cd4e', '28a08e19-d051-4dd0-becc-d9da6bc3b384'),
       ('477b1734-5b28-4e36-9e39-02e13462cd4e', '024b422c-7af9-4e69-a28a-eaa79615df28'),
       ('477b1734-5b28-4e36-9e39-02e13462cd4e', '7fedcd48-be66-423a-b88e-c758d31c6c4e'),
       ('be30b630-37f7-40a8-9c20-df8c37395b98', '28a08e19-d051-4dd0-becc-d9da6bc3b384'),
       ('be30b630-37f7-40a8-9c20-df8c37395b98', '7fedcd48-be66-423a-b88e-c758d31c6c4e'),
       ('be30b630-37f7-40a8-9c20-df8c37395b98', '223b49f4-8c60-430b-ba5c-f78822b4af1d'),
       ('9f0752cf-b012-4bc0-96bf-c036b0acd168', '024b422c-7af9-4e69-a28a-eaa79615df28'),
       ('f798102e-746a-4bcc-b983-94c19e492a58', '024b422c-7af9-4e69-a28a-eaa79615df28'),
       ('68b588f7-e54a-48e5-b28a-7dc3833f1acc', '024b422c-7af9-4e69-a28a-eaa79615df28'),
       ('3cd56631-8cd2-4582-9288-82980243d036', '02459f1c-6c26-4ee6-90e5-4ff1dab21831'),
       ('bfaa0594-fb26-4b17-8ac5-358bdc3dd844', '02459f1c-6c26-4ee6-90e5-4ff1dab21831'),
       ('37d63d99-0b5b-4f13-ae59-4e6ff168e684', '02459f1c-6c26-4ee6-90e5-4ff1dab21831'),
       ('f2fb6ed0-67eb-4bf9-9da9-807d003111e3', '06857be2-3565-4922-804f-a2640a3d4240'),
       ('f2fb6ed0-67eb-4bf9-9da9-807d003111e3', '02459f1c-6c26-4ee6-90e5-4ff1dab21831'),
       ('7125385b-ee9b-4a62-81a5-7f7b0a2c3e0f', '06857be2-3565-4922-804f-a2640a3d4240'),
       ('7125385b-ee9b-4a62-81a5-7f7b0a2c3e0f', '02459f1c-6c26-4ee6-90e5-4ff1dab21831'),
       ('cc88b3bf-d421-45e8-a4b9-8979860bf8be', '28a08e19-d051-4dd0-becc-d9da6bc3b384'),
       ('cc88b3bf-d421-45e8-a4b9-8979860bf8be', '61e7589e-6812-4a67-8917-e1d8873e30d0'),
       ('cc88b3bf-d421-45e8-a4b9-8979860bf8be', '673b5423-a715-4b41-9952-ce192ef565fd'),
       ('cc88b3bf-d421-45e8-a4b9-8979860bf8be', '024b422c-7af9-4e69-a28a-eaa79615df28'),
       ('cc88b3bf-d421-45e8-a4b9-8979860bf8be', '7fedcd48-be66-423a-b88e-c758d31c6c4e'),
       ('8af092af-5d23-47ce-8ec8-d7d1c31f6fd4', '7fab536f-9b8e-4405-beff-ad087fd5929d'),
       ('8af092af-5d23-47ce-8ec8-d7d1c31f6fd4', '024b422c-7af9-4e69-a28a-eaa79615df28'),
       ('8af092af-5d23-47ce-8ec8-d7d1c31f6fd4', '7fedcd48-be66-423a-b88e-c758d31c6c4e'),
       ('8af092af-5d23-47ce-8ec8-d7d1c31f6fd4', '7df1f851-2570-4b3a-9adc-79d92276fbcb'),
       ('8af092af-5d23-47ce-8ec8-d7d1c31f6fd4', '02459f1c-6c26-4ee6-90e5-4ff1dab21831'),
       ('8af092af-5d23-47ce-8ec8-d7d1c31f6fd4', 'f79d57c8-cbf6-4410-9505-16d3ebd5a2b3'),
       ('8af092af-5d23-47ce-8ec8-d7d1c31f6fd4', '39d61f64-5b43-4f89-8dc7-c536a8d0b26a'),
       ('8af092af-5d23-47ce-8ec8-d7d1c31f6fd4', '223b49f4-8c60-430b-ba5c-f78822b4af1d'),
       ('8af092af-5d23-47ce-8ec8-d7d1c31f6fd4', 'b1d042a1-cd4d-44bb-a95a-c434685a2ac2'),
       ('520ee1db-869a-485d-b495-0d5a2e3c861d', 'f79d57c8-cbf6-4410-9505-16d3ebd5a2b3'),
       ('6ec49641-b45d-48d1-b0f9-d75f8913e16b', 'f79d57c8-cbf6-4410-9505-16d3ebd5a2b3'),
       ('2fd81556-2bd7-4a04-a765-ce4d3151f4af', '7df1f851-2570-4b3a-9adc-79d92276fbcb'),
       ('2fd81556-2bd7-4a04-a765-ce4d3151f4af', '39d61f64-5b43-4f89-8dc7-c536a8d0b26a'),
       ('191d1883-2d72-4fe8-a992-b18d69d49f65', '7df1f851-2570-4b3a-9adc-79d92276fbcb'),
       ('191d1883-2d72-4fe8-a992-b18d69d49f65', '39d61f64-5b43-4f89-8dc7-c536a8d0b26a'),
       ('535d985e-6a31-4202-8ccc-d739800da910', '7df1f851-2570-4b3a-9adc-79d92276fbcb'),
       ('535d985e-6a31-4202-8ccc-d739800da910', 'f79d57c8-cbf6-4410-9505-16d3ebd5a2b3'),
       ('c48b51ba-6ab2-4acf-bed0-26cf673efb0e', '7df1f851-2570-4b3a-9adc-79d92276fbcb'),
       ('c48b51ba-6ab2-4acf-bed0-26cf673efb0e', 'f79d57c8-cbf6-4410-9505-16d3ebd5a2b3'),
       ('7cbf851b-5d60-47c2-9c63-4d89af44db3d', 'f79d57c8-cbf6-4410-9505-16d3ebd5a2b3'),
       ('d1dcb6e5-7bec-4ce8-ab89-1e1f3b0c7296', 'f79d57c8-cbf6-4410-9505-16d3ebd5a2b3'),
       ('057de2ff-86a9-463b-9049-c31b87e8a511', 'f79d57c8-cbf6-4410-9505-16d3ebd5a2b3'),
       ('057de2ff-86a9-463b-9049-c31b87e8a511', '39d61f64-5b43-4f89-8dc7-c536a8d0b26a'),
       ('3b24c77d-0a73-4372-9afc-3967b796a017', 'f79d57c8-cbf6-4410-9505-16d3ebd5a2b3'),
       ('3b24c77d-0a73-4372-9afc-3967b796a017', '39d61f64-5b43-4f89-8dc7-c536a8d0b26a'),
       ('64a5a6e9-fca1-4b62-bb79-10c79d40fee4', 'eac5d36e-fbdc-41f5-bfca-f91a1b347f77'),
       ('ac43231d-57a6-42fa-afa4-f6b9dae75c86', '30be2913-1a18-4428-9369-e058e99b80da'),
       ('df14680c-d49c-448f-bf12-77700ce101d9', '2fcda714-cc24-4751-a5f6-31a2e01d3bae'),
       ('df14680c-d49c-448f-bf12-77700ce101d9', '30be2913-1a18-4428-9369-e058e99b80da'),
       ('7b9493b8-7b20-41e2-b8f7-f4cad53a7b54', '2fcda714-cc24-4751-a5f6-31a2e01d3bae'),
       ('7b9493b8-7b20-41e2-b8f7-f4cad53a7b54', '30be2913-1a18-4428-9369-e058e99b80da'),
       ('4a57aa90-1810-4edf-b6f8-ec590e5201f5', '2fcda714-cc24-4751-a5f6-31a2e01d3bae'),
       ('4a57aa90-1810-4edf-b6f8-ec590e5201f5', 'f9bf1b8b-03c5-41ac-9f0e-11685799e8c8'),
       ('4a57aa90-1810-4edf-b6f8-ec590e5201f5', '30be2913-1a18-4428-9369-e058e99b80da'),
       ('07d4b09c-dde9-4115-9b4c-ebbb98727a34', '2fcda714-cc24-4751-a5f6-31a2e01d3bae'),
       ('07d4b09c-dde9-4115-9b4c-ebbb98727a34', '30be2913-1a18-4428-9369-e058e99b80da'),
       ('b39c414b-de69-442d-bc2f-7b2ad2640919', '0a98362f-8b3d-47e8-ba5a-c2f60231fad0'),
       ('b39c414b-de69-442d-bc2f-7b2ad2640919', '30be2913-1a18-4428-9369-e058e99b80da'),
       ('423900d6-1528-492e-b14c-235b02c788d2', '0a98362f-8b3d-47e8-ba5a-c2f60231fad0'),
       ('423900d6-1528-492e-b14c-235b02c788d2', '30be2913-1a18-4428-9369-e058e99b80da'),
       ('850ce557-f9ec-42f5-b189-f2d94abbe366', '0a98362f-8b3d-47e8-ba5a-c2f60231fad0'),
       ('850ce557-f9ec-42f5-b189-f2d94abbe366', '30be2913-1a18-4428-9369-e058e99b80da'),
       ('dacf22e3-9cf3-4b7d-af05-72bb44e2fdd2', '2fcda714-cc24-4751-a5f6-31a2e01d3bae'),
       ('dacf22e3-9cf3-4b7d-af05-72bb44e2fdd2', '0a98362f-8b3d-47e8-ba5a-c2f60231fad0'),
       ('dacf22e3-9cf3-4b7d-af05-72bb44e2fdd2', '30be2913-1a18-4428-9369-e058e99b80da'),
       ('f073b003-3569-4c7a-a144-fb7d9ef049ed', '45b6df61-8b80-473c-9d9e-3276581eed41'),
       ('bd0c7678-a742-4632-b9d9-883d056436e1', '45b6df61-8b80-473c-9d9e-3276581eed41'),
       ('8923ad4f-cc18-4cf6-88f4-1809ac5ae10e', '2fcda714-cc24-4751-a5f6-31a2e01d3bae'),
       ('8923ad4f-cc18-4cf6-88f4-1809ac5ae10e', '30be2913-1a18-4428-9369-e058e99b80da'),
       ('8602989d-bfae-4007-85d1-2d1fc9e93e21', '2fcda714-cc24-4751-a5f6-31a2e01d3bae'),
       ('8602989d-bfae-4007-85d1-2d1fc9e93e21', '30be2913-1a18-4428-9369-e058e99b80da'),
       ('1053e49e-8a5b-46ba-a7db-9320b30fe5db', '2fcda714-cc24-4751-a5f6-31a2e01d3bae'),
       ('1053e49e-8a5b-46ba-a7db-9320b30fe5db', '30be2913-1a18-4428-9369-e058e99b80da'),
       ('fb9a1d3d-f8b4-42de-90d8-5867da4b55f5', '2fcda714-cc24-4751-a5f6-31a2e01d3bae'),
       ('fb9a1d3d-f8b4-42de-90d8-5867da4b55f5', '30be2913-1a18-4428-9369-e058e99b80da'),
       ('ee8441b5-8b23-4fbe-a17b-ed64c0795bba', '2fcda714-cc24-4751-a5f6-31a2e01d3bae'),
       ('ee8441b5-8b23-4fbe-a17b-ed64c0795bba', '30be2913-1a18-4428-9369-e058e99b80da'),
       ('53178b99-5af8-491c-824c-40013c28b720', '2fcda714-cc24-4751-a5f6-31a2e01d3bae'),
       ('53178b99-5af8-491c-824c-40013c28b720', '30be2913-1a18-4428-9369-e058e99b80da'),
       ('f0826299-7c90-4994-9e6a-c89eed8cda70', '7fedcd48-be66-423a-b88e-c758d31c6c4e'),
       ('f0826299-7c90-4994-9e6a-c89eed8cda70', '06857be2-3565-4922-804f-a2640a3d4240'),
       ('f0826299-7c90-4994-9e6a-c89eed8cda70', 'b1d042a1-cd4d-44bb-a95a-c434685a2ac2'),
       ('532f38fd-c5bd-4b49-a6b9-e415d1f110d7', '28a08e19-d051-4dd0-becc-d9da6bc3b384'),
       ('532f38fd-c5bd-4b49-a6b9-e415d1f110d7', '2fcda714-cc24-4751-a5f6-31a2e01d3bae'),
       ('532f38fd-c5bd-4b49-a6b9-e415d1f110d7', '024b422c-7af9-4e69-a28a-eaa79615df28'),
       ('532f38fd-c5bd-4b49-a6b9-e415d1f110d7', '7fedcd48-be66-423a-b88e-c758d31c6c4e'),
       ('532f38fd-c5bd-4b49-a6b9-e415d1f110d7', '02459f1c-6c26-4ee6-90e5-4ff1dab21831'),
       ('532f38fd-c5bd-4b49-a6b9-e415d1f110d7', '30be2913-1a18-4428-9369-e058e99b80da'),
       ('6ca29a28-7af6-4fb5-9fcc-c1f9763c7a14', '28a08e19-d051-4dd0-becc-d9da6bc3b384'),
       ('6ca29a28-7af6-4fb5-9fcc-c1f9763c7a14', '2fcda714-cc24-4751-a5f6-31a2e01d3bae'),
       ('6ca29a28-7af6-4fb5-9fcc-c1f9763c7a14', '7fab536f-9b8e-4405-beff-ad087fd5929d'),
       ('6ca29a28-7af6-4fb5-9fcc-c1f9763c7a14', '0a98362f-8b3d-47e8-ba5a-c2f60231fad0'),
       ('6ca29a28-7af6-4fb5-9fcc-c1f9763c7a14', '30be2913-1a18-4428-9369-e058e99b80da'),
       ('2ac8f22a-6708-4896-b0b2-9648db6ebeff', '28a08e19-d051-4dd0-becc-d9da6bc3b384'),
       ('2ac8f22a-6708-4896-b0b2-9648db6ebeff', '2fcda714-cc24-4751-a5f6-31a2e01d3bae'),
       ('2ac8f22a-6708-4896-b0b2-9648db6ebeff', '7fab536f-9b8e-4405-beff-ad087fd5929d'),
       ('2ac8f22a-6708-4896-b0b2-9648db6ebeff', '0a98362f-8b3d-47e8-ba5a-c2f60231fad0'),
       ('2ac8f22a-6708-4896-b0b2-9648db6ebeff', '30be2913-1a18-4428-9369-e058e99b80da'),
       ('2f258747-30aa-48cc-9b89-e38efdfcca5b', '2fcda714-cc24-4751-a5f6-31a2e01d3bae'),
       ('2f258747-30aa-48cc-9b89-e38efdfcca5b', '7fedcd48-be66-423a-b88e-c758d31c6c4e'),
       ('2f258747-30aa-48cc-9b89-e38efdfcca5b', '0a98362f-8b3d-47e8-ba5a-c2f60231fad0'),
       ('98ea6243-b081-4c62-9f5f-a7452d153637', 'f79d57c8-cbf6-4410-9505-16d3ebd5a2b3'),
       ('98ea6243-b081-4c62-9f5f-a7452d153637', '39d61f64-5b43-4f89-8dc7-c536a8d0b26a'),
       ('1ce3ac3e-080b-4288-8770-d0e14522d45e', 'f79d57c8-cbf6-4410-9505-16d3ebd5a2b3'),
       ('1ce3ac3e-080b-4288-8770-d0e14522d45e', '39d61f64-5b43-4f89-8dc7-c536a8d0b26a'),
       ('e7f01669-e9a5-4cf8-ac59-59f84aa155d5', '28a08e19-d051-4dd0-becc-d9da6bc3b384'),
       ('e7f01669-e9a5-4cf8-ac59-59f84aa155d5', '024b422c-7af9-4e69-a28a-eaa79615df28'),
       ('e7f01669-e9a5-4cf8-ac59-59f84aa155d5', '7fedcd48-be66-423a-b88e-c758d31c6c4e'),
       ('e7f01669-e9a5-4cf8-ac59-59f84aa155d5', '7df1f851-2570-4b3a-9adc-79d92276fbcb'),
       ('e7f01669-e9a5-4cf8-ac59-59f84aa155d5', '02459f1c-6c26-4ee6-90e5-4ff1dab21831'),
       ('e7f01669-e9a5-4cf8-ac59-59f84aa155d5', 'f79d57c8-cbf6-4410-9505-16d3ebd5a2b3'),
       ('e7f01669-e9a5-4cf8-ac59-59f84aa155d5', '39d61f64-5b43-4f89-8dc7-c536a8d0b26a'),
       ('95168841-27d2-4b97-8ff9-61517c241559', '024b422c-7af9-4e69-a28a-eaa79615df28'),
       ('751ae150-3a70-47c2-a37d-0e4e44762a7e', '024b422c-7af9-4e69-a28a-eaa79615df28'),
       ('f072693b-1899-486b-a4d9-92dae2fe7f02', '024b422c-7af9-4e69-a28a-eaa79615df28'),
       ('209e1d34-75db-4b3c-8d80-7f4bec49cdaa', '024b422c-7af9-4e69-a28a-eaa79615df28'),
       ('f66298a2-cfa0-4888-9e65-9a04926158b2', '024b422c-7af9-4e69-a28a-eaa79615df28'),
       ('abfe4e5d-c80b-45cf-96e8-0ed7813abdd9', '28a08e19-d051-4dd0-becc-d9da6bc3b384'),
       ('c888da1b-463a-48a6-a2cd-bc773b5f0291', '28a08e19-d051-4dd0-becc-d9da6bc3b384'),
       ('c99e5795-1dc7-4596-a18c-fb6ceeeb3543', '28a08e19-d051-4dd0-becc-d9da6bc3b384'),
       ('c99e5795-1dc7-4596-a18c-fb6ceeeb3543', '7fedcd48-be66-423a-b88e-c758d31c6c4e'),
       ('627696a1-a436-4c6c-96c6-7b90020513a8', '2b62a5e2-4a93-4cd0-9e59-43dffcb277f0'),
       ('6ae18135-df6f-4b55-ab8d-88b9202fdba8', '7df1f851-2570-4b3a-9adc-79d92276fbcb'),
       ('f1f8b5f6-ea8e-49ba-a38a-d441393bd982', '7df1f851-2570-4b3a-9adc-79d92276fbcb'),
       ('ed3809f4-b3ae-43cf-8b3a-8d9f38adb29f', '7df1f851-2570-4b3a-9adc-79d92276fbcb'),
       ('0f108583-1232-4208-8abc-5681ba5b5f8f', '7df1f851-2570-4b3a-9adc-79d92276fbcb'),
       ('d067e493-2033-4f3a-80ce-fc2517b87cc3', '7fab536f-9b8e-4405-beff-ad087fd5929d'),
       ('d067e493-2033-4f3a-80ce-fc2517b87cc3', '7df1f851-2570-4b3a-9adc-79d92276fbcb'),
       ('c6b105e6-4209-42b1-9597-f961d4729452', '7df1f851-2570-4b3a-9adc-79d92276fbcb'),
       ('8abb9cbb-7b45-40ea-bfc4-39953852f6a6', '7df1f851-2570-4b3a-9adc-79d92276fbcb'),
       ('e550706f-40a7-48be-9b36-6a5cb9571bf2', '7df1f851-2570-4b3a-9adc-79d92276fbcb'),
       ('adc8c1ab-d428-475d-b93f-814b93c13c5f', '7df1f851-2570-4b3a-9adc-79d92276fbcb'),
       ('09fd3a51-e728-498f-8e6e-7971ae1327f2', '7df1f851-2570-4b3a-9adc-79d92276fbcb'),
       ('a70b1e36-e71c-420d-ae34-67a4f1508a5f', '7fab536f-9b8e-4405-beff-ad087fd5929d'),
       ('a70b1e36-e71c-420d-ae34-67a4f1508a5f', '7df1f851-2570-4b3a-9adc-79d92276fbcb'),
       ('a1c5f4a1-d387-4e95-9b4c-3cfa3eed64f1', '7df1f851-2570-4b3a-9adc-79d92276fbcb'),
       ('f99e3c45-cfd9-4524-a777-227b89ab9509', '39d61f64-5b43-4f89-8dc7-c536a8d0b26a'),
       ('8a0ec9f4-2804-4727-abb1-a568e6e16b28', '7df1f851-2570-4b3a-9adc-79d92276fbcb'),
       ('8a0ec9f4-2804-4727-abb1-a568e6e16b28', '39d61f64-5b43-4f89-8dc7-c536a8d0b26a'),
       ('3023c3e8-c41f-4f91-b70a-d0b868fda445', '39d61f64-5b43-4f89-8dc7-c536a8d0b26a'),
       ('192494a3-a17a-4e00-8b4f-82fe0675d0b5', '39d61f64-5b43-4f89-8dc7-c536a8d0b26a'),
       ('9dc8b22e-cf77-42ad-9b1c-c491a4b5e200', '39d61f64-5b43-4f89-8dc7-c536a8d0b26a'),
       ('b26baaab-556f-45cb-bea6-54752510f0f4', '39d61f64-5b43-4f89-8dc7-c536a8d0b26a'),
       ('f073b003-3569-4c7a-a144-fb7d9ef049ed', '7fab536f-9b8e-4405-beff-ad087fd5929d'),
       ('72bcefde-1ceb-41be-bdec-805ce0af923b', '7fab536f-9b8e-4405-beff-ad087fd5929d'),
       ('7cbf851b-5d60-47c2-9c63-4d89af44db3d', '7fab536f-9b8e-4405-beff-ad087fd5929d'),
       ('b39c414b-de69-442d-bc2f-7b2ad2640919', '7fab536f-9b8e-4405-beff-ad087fd5929d'),
       ('dacf22e3-9cf3-4b7d-af05-72bb44e2fdd2', '7fab536f-9b8e-4405-beff-ad087fd5929d'),
       ('03f139ef-5022-424a-9629-7e973473f523', '7fab536f-9b8e-4405-beff-ad087fd5929d'),
       ('53178b99-5af8-491c-824c-40013c28b720', '7fab536f-9b8e-4405-beff-ad087fd5929d'),
       ('07d4b09c-dde9-4115-9b4c-ebbb98727a34', '7fab536f-9b8e-4405-beff-ad087fd5929d'),
       ('423900d6-1528-492e-b14c-235b02c788d2', '7fab536f-9b8e-4405-beff-ad087fd5929d'),
       ('1b0904db-a876-492c-981f-014c354a3c92', '7fab536f-9b8e-4405-beff-ad087fd5929d'),
       ('477b1734-5b28-4e36-9e39-02e13462cd4e', '7fab536f-9b8e-4405-beff-ad087fd5929d'),
       ('98ea6243-b081-4c62-9f5f-a7452d153637', '7fab536f-9b8e-4405-beff-ad087fd5929d'),
       ('f072693b-1899-486b-a4d9-92dae2fe7f02', '7fab536f-9b8e-4405-beff-ad087fd5929d'),
       ('23368a66-4066-422e-8689-286f0d1138c3', '7fab536f-9b8e-4405-beff-ad087fd5929d'),
       ('b6a99767-4464-45d9-b2b4-eb4a0df0ec9a', '7fab536f-9b8e-4405-beff-ad087fd5929d'),
       ('d1dcb6e5-7bec-4ce8-ab89-1e1f3b0c7296', '7fab536f-9b8e-4405-beff-ad087fd5929d'),
       ('84c5c899-a2cc-45bf-8b40-a6de70a5eb45', '30be2913-1a18-4428-9369-e058e99b80da'),
       ('84c5c899-a2cc-45bf-8b40-a6de70a5eb45', '0a98362f-8b3d-47e8-ba5a-c2f60231fad0'),
       ('adc8c1ab-d428-475d-b93f-814b93c13c5f', 'f79d57c8-cbf6-4410-9505-16d3ebd5a2b3'),
       ('bbdaeefb-265e-4bb9-859f-b683e34f1c53', '7fedcd48-be66-423a-b88e-c758d31c6c4e'),
       ('4a57aa90-1810-4edf-b6f8-ec590e5201f5', '7fab536f-9b8e-4405-beff-ad087fd5929d'),
       ('2f258747-30aa-48cc-9b89-e38efdfcca5b', '30be2913-1a18-4428-9369-e058e99b80da'),
       ('f1f8b5f6-ea8e-49ba-a38a-d441393bd982', 'f79d57c8-cbf6-4410-9505-16d3ebd5a2b3'),
       ('3b24c77d-0a73-4372-9afc-3967b796a017', '7df1f851-2570-4b3a-9adc-79d92276fbcb'),
       ('828ff636-f00e-4dd0-8fef-83b338b75f36', '7df1f851-2570-4b3a-9adc-79d92276fbcb'),
       ('828ff636-f00e-4dd0-8fef-83b338b75f36', 'f79d57c8-cbf6-4410-9505-16d3ebd5a2b3'),
       ('670b4a21-5dfd-441a-87be-2115d4319618', 'b1d042a1-cd4d-44bb-a95a-c434685a2ac2'),
       ('cd6a79d8-0228-4ed7-84de-96960ac227ff', 'b1d042a1-cd4d-44bb-a95a-c434685a2ac2'),
       ('18a74286-052e-4847-98fe-3142bdf6281c', 'b1d042a1-cd4d-44bb-a95a-c434685a2ac2'),
       ('b04ae1d3-41c3-416d-b633-64a16eaaf656', '3c06d6d0-fe7f-4059-b1c6-deff751503e1'),
       ('b04ae1d3-41c3-416d-b633-64a16eaaf656', '02459f1c-6c26-4ee6-90e5-4ff1dab21831');


--
-- Data for Name: exercise_units_of_measurement; Type: TABLE DATA;
--
INSERT INTO exercise_units_of_measurement (exercise_id, units_of_measurement_id)
VALUES ('e3ace901-0ae1-4961-9778-a09eadaf6859', '60067775-9b26-4925-a2bf-0e258a63aa32'),
       ('c6b105e6-4209-42b1-9597-f961d4729452', '29035a0d-2982-4fe6-af87-fc308743a31d'),
       ('7b9493b8-7b20-41e2-b8f7-f4cad53a7b54', '29035a0d-2982-4fe6-af87-fc308743a31d'),
       ('7b9493b8-7b20-41e2-b8f7-f4cad53a7b54', 'af38442b-bcb5-443c-9f91-78c9bfe72c1c'),
       ('f072693b-1899-486b-a4d9-92dae2fe7f02', '29035a0d-2982-4fe6-af87-fc308743a31d'),
       ('751ae150-3a70-47c2-a37d-0e4e44762a7e', '29035a0d-2982-4fe6-af87-fc308743a31d'),
       ('d1dcb6e5-7bec-4ce8-ab89-1e1f3b0c7296', '29035a0d-2982-4fe6-af87-fc308743a31d'),
       ('934ea8f5-84ee-4c9e-a1e8-25a7741d4738', '29035a0d-2982-4fe6-af87-fc308743a31d'),
       ('3023c3e8-c41f-4f91-b70a-d0b868fda445', '29035a0d-2982-4fe6-af87-fc308743a31d'),
       ('e3ace901-0ae1-4961-9778-a09eadaf6859', '05cc2d08-487c-43ec-9de4-7af67113397a'),
       ('adc8c1ab-d428-475d-b93f-814b93c13c5f', '29035a0d-2982-4fe6-af87-fc308743a31d'),
       ('9f0752cf-b012-4bc0-96bf-c036b0acd168', '29035a0d-2982-4fe6-af87-fc308743a31d'),
       ('f798102e-746a-4bcc-b983-94c19e492a58', '29035a0d-2982-4fe6-af87-fc308743a31d'),
       ('209e1d34-75db-4b3c-8d80-7f4bec49cdaa', '29035a0d-2982-4fe6-af87-fc308743a31d'),
       ('209e1d34-75db-4b3c-8d80-7f4bec49cdaa', 'af38442b-bcb5-443c-9f91-78c9bfe72c1c'),
       ('4a57aa90-1810-4edf-b6f8-ec590e5201f5', '29035a0d-2982-4fe6-af87-fc308743a31d'),
       ('4a57aa90-1810-4edf-b6f8-ec590e5201f5', 'af38442b-bcb5-443c-9f91-78c9bfe72c1c'),
       ('e3ace901-0ae1-4961-9778-a09eadaf6859', '29035a0d-2982-4fe6-af87-fc308743a31d'),
       ('6ec49641-b45d-48d1-b0f9-d75f8913e16b', '29035a0d-2982-4fe6-af87-fc308743a31d'),
       ('191d1883-2d72-4fe8-a992-b18d69d49f65', '29035a0d-2982-4fe6-af87-fc308743a31d'),
       ('3b24c77d-0a73-4372-9afc-3967b796a017', '29035a0d-2982-4fe6-af87-fc308743a31d'),
       ('f0826299-7c90-4994-9e6a-c89eed8cda70', '29035a0d-2982-4fe6-af87-fc308743a31d'),
       ('2ac8f22a-6708-4896-b0b2-9648db6ebeff', '29035a0d-2982-4fe6-af87-fc308743a31d'),
       ('1ce3ac3e-080b-4288-8770-d0e14522d45e', '29035a0d-2982-4fe6-af87-fc308743a31d'),
       ('b6a99767-4464-45d9-b2b4-eb4a0df0ec9a', '02a89235-4777-4373-922b-6b9093212337'),
       ('934ea8f5-84ee-4c9e-a1e8-25a7741d4738', '02a89235-4777-4373-922b-6b9093212337'),
       ('cecd578e-e099-4abe-ad84-bda4906c8fe4', '02a89235-4777-4373-922b-6b9093212337'),
       ('31137284-809d-4417-936e-678954a001e1', '02a89235-4777-4373-922b-6b9093212337'),
       ('23368a66-4066-422e-8689-286f0d1138c3', '02a89235-4777-4373-922b-6b9093212337'),
       ('819107e0-a9ee-4351-a123-af432c87a933', '02a89235-4777-4373-922b-6b9093212337'),
       ('dea6c178-b2de-477b-ac9a-dccc4e063fbb', '02a89235-4777-4373-922b-6b9093212337'),
       ('9f0752cf-b012-4bc0-96bf-c036b0acd168', '02a89235-4777-4373-922b-6b9093212337'),
       ('f798102e-746a-4bcc-b983-94c19e492a58', '02a89235-4777-4373-922b-6b9093212337'),
       ('8af092af-5d23-47ce-8ec8-d7d1c31f6fd4', '02a89235-4777-4373-922b-6b9093212337'),
       ('6ec49641-b45d-48d1-b0f9-d75f8913e16b', '02a89235-4777-4373-922b-6b9093212337'),
       ('191d1883-2d72-4fe8-a992-b18d69d49f65', '02a89235-4777-4373-922b-6b9093212337'),
       ('d1dcb6e5-7bec-4ce8-ab89-1e1f3b0c7296', '02a89235-4777-4373-922b-6b9093212337'),
       ('3b24c77d-0a73-4372-9afc-3967b796a017', '02a89235-4777-4373-922b-6b9093212337'),
       ('7b9493b8-7b20-41e2-b8f7-f4cad53a7b54', '02a89235-4777-4373-922b-6b9093212337'),
       ('4a57aa90-1810-4edf-b6f8-ec590e5201f5', '02a89235-4777-4373-922b-6b9093212337'),
       ('ee8441b5-8b23-4fbe-a17b-ed64c0795bba', '02a89235-4777-4373-922b-6b9093212337'),
       ('f0826299-7c90-4994-9e6a-c89eed8cda70', '02a89235-4777-4373-922b-6b9093212337'),
       ('532f38fd-c5bd-4b49-a6b9-e415d1f110d7', '02a89235-4777-4373-922b-6b9093212337'),
       ('2ac8f22a-6708-4896-b0b2-9648db6ebeff', '02a89235-4777-4373-922b-6b9093212337'),
       ('2f258747-30aa-48cc-9b89-e38efdfcca5b', '02a89235-4777-4373-922b-6b9093212337'),
       ('1ce3ac3e-080b-4288-8770-d0e14522d45e', '02a89235-4777-4373-922b-6b9093212337'),
       ('e7f01669-e9a5-4cf8-ac59-59f84aa155d5', '02a89235-4777-4373-922b-6b9093212337'),
       ('751ae150-3a70-47c2-a37d-0e4e44762a7e', '02a89235-4777-4373-922b-6b9093212337'),
       ('f072693b-1899-486b-a4d9-92dae2fe7f02', '02a89235-4777-4373-922b-6b9093212337'),
       ('209e1d34-75db-4b3c-8d80-7f4bec49cdaa', '02a89235-4777-4373-922b-6b9093212337'),
       ('f66298a2-cfa0-4888-9e65-9a04926158b2', '02a89235-4777-4373-922b-6b9093212337'),
       ('c888da1b-463a-48a6-a2cd-bc773b5f0291', '02a89235-4777-4373-922b-6b9093212337'),
       ('c99e5795-1dc7-4596-a18c-fb6ceeeb3543', '02a89235-4777-4373-922b-6b9093212337'),
       ('84c5c899-a2cc-45bf-8b40-a6de70a5eb45', '02a89235-4777-4373-922b-6b9093212337'),
       ('f1f8b5f6-ea8e-49ba-a38a-d441393bd982', '02a89235-4777-4373-922b-6b9093212337'),
       ('d067e493-2033-4f3a-80ce-fc2517b87cc3', '02a89235-4777-4373-922b-6b9093212337'),
       ('c6b105e6-4209-42b1-9597-f961d4729452', '02a89235-4777-4373-922b-6b9093212337'),
       ('e550706f-40a7-48be-9b36-6a5cb9571bf2', '02a89235-4777-4373-922b-6b9093212337'),
       ('934ea8f5-84ee-4c9e-a1e8-25a7741d4738', 'af38442b-bcb5-443c-9f91-78c9bfe72c1c'),
       ('9f0752cf-b012-4bc0-96bf-c036b0acd168', 'af38442b-bcb5-443c-9f91-78c9bfe72c1c'),
       ('f798102e-746a-4bcc-b983-94c19e492a58', 'af38442b-bcb5-443c-9f91-78c9bfe72c1c'),
       ('8af092af-5d23-47ce-8ec8-d7d1c31f6fd4', 'af38442b-bcb5-443c-9f91-78c9bfe72c1c'),
       ('6ec49641-b45d-48d1-b0f9-d75f8913e16b', 'af38442b-bcb5-443c-9f91-78c9bfe72c1c'),
       ('191d1883-2d72-4fe8-a992-b18d69d49f65', 'af38442b-bcb5-443c-9f91-78c9bfe72c1c'),
       ('d1dcb6e5-7bec-4ce8-ab89-1e1f3b0c7296', 'af38442b-bcb5-443c-9f91-78c9bfe72c1c'),
       ('3b24c77d-0a73-4372-9afc-3967b796a017', 'af38442b-bcb5-443c-9f91-78c9bfe72c1c'),
       ('f0826299-7c90-4994-9e6a-c89eed8cda70', 'af38442b-bcb5-443c-9f91-78c9bfe72c1c'),
       ('2ac8f22a-6708-4896-b0b2-9648db6ebeff', 'af38442b-bcb5-443c-9f91-78c9bfe72c1c'),
       ('1ce3ac3e-080b-4288-8770-d0e14522d45e', 'af38442b-bcb5-443c-9f91-78c9bfe72c1c'),
       ('e7f01669-e9a5-4cf8-ac59-59f84aa155d5', 'af38442b-bcb5-443c-9f91-78c9bfe72c1c'),
       ('751ae150-3a70-47c2-a37d-0e4e44762a7e', 'af38442b-bcb5-443c-9f91-78c9bfe72c1c'),
       ('f072693b-1899-486b-a4d9-92dae2fe7f02', 'af38442b-bcb5-443c-9f91-78c9bfe72c1c'),
       ('c99e5795-1dc7-4596-a18c-fb6ceeeb3543', 'af38442b-bcb5-443c-9f91-78c9bfe72c1c'),
       ('84c5c899-a2cc-45bf-8b40-a6de70a5eb45', 'af38442b-bcb5-443c-9f91-78c9bfe72c1c'),
       ('f1f8b5f6-ea8e-49ba-a38a-d441393bd982', 'af38442b-bcb5-443c-9f91-78c9bfe72c1c'),
       ('d067e493-2033-4f3a-80ce-fc2517b87cc3', 'af38442b-bcb5-443c-9f91-78c9bfe72c1c'),
       ('c6b105e6-4209-42b1-9597-f961d4729452', 'af38442b-bcb5-443c-9f91-78c9bfe72c1c'),
       ('e3ace901-0ae1-4961-9778-a09eadaf6859', '45fc5054-ce8a-4450-be10-1323710d2bf8'),
       ('23368a66-4066-422e-8689-286f0d1138c3', '29035a0d-2982-4fe6-af87-fc308743a31d'),
       ('23368a66-4066-422e-8689-286f0d1138c3', 'af38442b-bcb5-443c-9f91-78c9bfe72c1c'),
       ('d067e493-2033-4f3a-80ce-fc2517b87cc3', '29035a0d-2982-4fe6-af87-fc308743a31d'),
       ('cecd578e-e099-4abe-ad84-bda4906c8fe4', '29035a0d-2982-4fe6-af87-fc308743a31d'),
       ('cecd578e-e099-4abe-ad84-bda4906c8fe4', 'af38442b-bcb5-443c-9f91-78c9bfe72c1c'),
       ('b6a99767-4464-45d9-b2b4-eb4a0df0ec9a', '29035a0d-2982-4fe6-af87-fc308743a31d'),
       ('6ae18135-df6f-4b55-ab8d-88b9202fdba8', '02a89235-4777-4373-922b-6b9093212337'),
       ('6ae18135-df6f-4b55-ab8d-88b9202fdba8', '29035a0d-2982-4fe6-af87-fc308743a31d'),
       ('6ae18135-df6f-4b55-ab8d-88b9202fdba8', 'af38442b-bcb5-443c-9f91-78c9bfe72c1c'),
       ('535d985e-6a31-4202-8ccc-d739800da910', '02a89235-4777-4373-922b-6b9093212337'),
       ('535d985e-6a31-4202-8ccc-d739800da910', '29035a0d-2982-4fe6-af87-fc308743a31d'),
       ('535d985e-6a31-4202-8ccc-d739800da910', 'af38442b-bcb5-443c-9f91-78c9bfe72c1c'),
       ('a1c5f4a1-d387-4e95-9b4c-3cfa3eed64f1', '02a89235-4777-4373-922b-6b9093212337'),
       ('a1c5f4a1-d387-4e95-9b4c-3cfa3eed64f1', '29035a0d-2982-4fe6-af87-fc308743a31d'),
       ('a1c5f4a1-d387-4e95-9b4c-3cfa3eed64f1', 'af38442b-bcb5-443c-9f91-78c9bfe72c1c'),
       ('e9d4cbfb-b86b-4e2a-9368-d31e9f82517a', '02a89235-4777-4373-922b-6b9093212337'),
       ('e9d4cbfb-b86b-4e2a-9368-d31e9f82517a', '29035a0d-2982-4fe6-af87-fc308743a31d'),
       ('e9d4cbfb-b86b-4e2a-9368-d31e9f82517a', 'af38442b-bcb5-443c-9f91-78c9bfe72c1c'),
       ('37d63d99-0b5b-4f13-ae59-4e6ff168e684', '02a89235-4777-4373-922b-6b9093212337'),
       ('37d63d99-0b5b-4f13-ae59-4e6ff168e684', '29035a0d-2982-4fe6-af87-fc308743a31d'),
       ('37d63d99-0b5b-4f13-ae59-4e6ff168e684', 'af38442b-bcb5-443c-9f91-78c9bfe72c1c'),
       ('bd0c7678-a742-4632-b9d9-883d056436e1', '02a89235-4777-4373-922b-6b9093212337'),
       ('bd0c7678-a742-4632-b9d9-883d056436e1', '29035a0d-2982-4fe6-af87-fc308743a31d'),
       ('bd0c7678-a742-4632-b9d9-883d056436e1', 'af38442b-bcb5-443c-9f91-78c9bfe72c1c'),
       ('7ec6f738-f416-4edd-a57c-ab4124323578', '02a89235-4777-4373-922b-6b9093212337'),
       ('7ec6f738-f416-4edd-a57c-ab4124323578', '29035a0d-2982-4fe6-af87-fc308743a31d'),
       ('7ec6f738-f416-4edd-a57c-ab4124323578', 'af38442b-bcb5-443c-9f91-78c9bfe72c1c'),
       ('7125385b-ee9b-4a62-81a5-7f7b0a2c3e0f', '02a89235-4777-4373-922b-6b9093212337'),
       ('7125385b-ee9b-4a62-81a5-7f7b0a2c3e0f', '29035a0d-2982-4fe6-af87-fc308743a31d'),
       ('7125385b-ee9b-4a62-81a5-7f7b0a2c3e0f', 'af38442b-bcb5-443c-9f91-78c9bfe72c1c'),
       ('8602989d-bfae-4007-85d1-2d1fc9e93e21', '02a89235-4777-4373-922b-6b9093212337'),
       ('8602989d-bfae-4007-85d1-2d1fc9e93e21', '29035a0d-2982-4fe6-af87-fc308743a31d'),
       ('8602989d-bfae-4007-85d1-2d1fc9e93e21', 'af38442b-bcb5-443c-9f91-78c9bfe72c1c'),
       ('df14680c-d49c-448f-bf12-77700ce101d9', '02a89235-4777-4373-922b-6b9093212337'),
       ('df14680c-d49c-448f-bf12-77700ce101d9', '29035a0d-2982-4fe6-af87-fc308743a31d'),
       ('df14680c-d49c-448f-bf12-77700ce101d9', 'af38442b-bcb5-443c-9f91-78c9bfe72c1c'),
       ('850ce557-f9ec-42f5-b189-f2d94abbe366', '02a89235-4777-4373-922b-6b9093212337'),
       ('850ce557-f9ec-42f5-b189-f2d94abbe366', '29035a0d-2982-4fe6-af87-fc308743a31d'),
       ('850ce557-f9ec-42f5-b189-f2d94abbe366', 'af38442b-bcb5-443c-9f91-78c9bfe72c1c'),
       ('1053e49e-8a5b-46ba-a7db-9320b30fe5db', '02a89235-4777-4373-922b-6b9093212337'),
       ('1053e49e-8a5b-46ba-a7db-9320b30fe5db', '83a29b4f-b8d0-4f2d-8877-a56446194f0c'),
       ('1053e49e-8a5b-46ba-a7db-9320b30fe5db', '39a45c7f-fb47-45fa-87b6-48f27777479c'),
       ('1053e49e-8a5b-46ba-a7db-9320b30fe5db', '29035a0d-2982-4fe6-af87-fc308743a31d'),
       ('1053e49e-8a5b-46ba-a7db-9320b30fe5db', 'af38442b-bcb5-443c-9f91-78c9bfe72c1c'),
       ('1053e49e-8a5b-46ba-a7db-9320b30fe5db', '900a8276-edb0-4a2d-812c-aaa964264922'),
       ('8abb9cbb-7b45-40ea-bfc4-39953852f6a6', '02a89235-4777-4373-922b-6b9093212337'),
       ('8abb9cbb-7b45-40ea-bfc4-39953852f6a6', '29035a0d-2982-4fe6-af87-fc308743a31d'),
       ('8abb9cbb-7b45-40ea-bfc4-39953852f6a6', 'af38442b-bcb5-443c-9f91-78c9bfe72c1c'),
       ('68b588f7-e54a-48e5-b28a-7dc3833f1acc', '02a89235-4777-4373-922b-6b9093212337'),
       ('68b588f7-e54a-48e5-b28a-7dc3833f1acc', '29035a0d-2982-4fe6-af87-fc308743a31d'),
       ('68b588f7-e54a-48e5-b28a-7dc3833f1acc', 'af38442b-bcb5-443c-9f91-78c9bfe72c1c'),
       ('abfe4e5d-c80b-45cf-96e8-0ed7813abdd9', '02a89235-4777-4373-922b-6b9093212337'),
       ('abfe4e5d-c80b-45cf-96e8-0ed7813abdd9', '29035a0d-2982-4fe6-af87-fc308743a31d'),
       ('abfe4e5d-c80b-45cf-96e8-0ed7813abdd9', 'af38442b-bcb5-443c-9f91-78c9bfe72c1c'),
       ('0f108583-1232-4208-8abc-5681ba5b5f8f', '02a89235-4777-4373-922b-6b9093212337'),
       ('0f108583-1232-4208-8abc-5681ba5b5f8f', '29035a0d-2982-4fe6-af87-fc308743a31d'),
       ('0f108583-1232-4208-8abc-5681ba5b5f8f', 'af38442b-bcb5-443c-9f91-78c9bfe72c1c'),
       ('c3b689da-1376-4ba2-b4fd-22ff506ed671', '02a89235-4777-4373-922b-6b9093212337'),
       ('c3b689da-1376-4ba2-b4fd-22ff506ed671', '29035a0d-2982-4fe6-af87-fc308743a31d'),
       ('c3b689da-1376-4ba2-b4fd-22ff506ed671', 'af38442b-bcb5-443c-9f91-78c9bfe72c1c'),
       ('03f139ef-5022-424a-9629-7e973473f523', '02a89235-4777-4373-922b-6b9093212337'),
       ('03f139ef-5022-424a-9629-7e973473f523', '29035a0d-2982-4fe6-af87-fc308743a31d'),
       ('03f139ef-5022-424a-9629-7e973473f523', 'af38442b-bcb5-443c-9f91-78c9bfe72c1c'),
       ('10f78d5a-0e16-4119-bf8d-16804920f644', '02a89235-4777-4373-922b-6b9093212337'),
       ('10f78d5a-0e16-4119-bf8d-16804920f644', '29035a0d-2982-4fe6-af87-fc308743a31d'),
       ('10f78d5a-0e16-4119-bf8d-16804920f644', 'af38442b-bcb5-443c-9f91-78c9bfe72c1c'),
       ('dacf22e3-9cf3-4b7d-af05-72bb44e2fdd2', '02a89235-4777-4373-922b-6b9093212337'),
       ('dacf22e3-9cf3-4b7d-af05-72bb44e2fdd2', '29035a0d-2982-4fe6-af87-fc308743a31d'),
       ('dacf22e3-9cf3-4b7d-af05-72bb44e2fdd2', 'af38442b-bcb5-443c-9f91-78c9bfe72c1c'),
       ('b26baaab-556f-45cb-bea6-54752510f0f4', '02a89235-4777-4373-922b-6b9093212337'),
       ('b26baaab-556f-45cb-bea6-54752510f0f4', '29035a0d-2982-4fe6-af87-fc308743a31d'),
       ('b26baaab-556f-45cb-bea6-54752510f0f4', 'af38442b-bcb5-443c-9f91-78c9bfe72c1c'),
       ('8a0ec9f4-2804-4727-abb1-a568e6e16b28', '02a89235-4777-4373-922b-6b9093212337'),
       ('8a0ec9f4-2804-4727-abb1-a568e6e16b28', '29035a0d-2982-4fe6-af87-fc308743a31d'),
       ('8a0ec9f4-2804-4727-abb1-a568e6e16b28', 'af38442b-bcb5-443c-9f91-78c9bfe72c1c'),
       ('c48b51ba-6ab2-4acf-bed0-26cf673efb0e', '02a89235-4777-4373-922b-6b9093212337'),
       ('c48b51ba-6ab2-4acf-bed0-26cf673efb0e', '29035a0d-2982-4fe6-af87-fc308743a31d'),
       ('c48b51ba-6ab2-4acf-bed0-26cf673efb0e', 'af38442b-bcb5-443c-9f91-78c9bfe72c1c'),
       ('9d42bf46-e72c-4e72-8144-bb19a374246f', '02a89235-4777-4373-922b-6b9093212337'),
       ('9d42bf46-e72c-4e72-8144-bb19a374246f', '29035a0d-2982-4fe6-af87-fc308743a31d'),
       ('9d42bf46-e72c-4e72-8144-bb19a374246f', 'af38442b-bcb5-443c-9f91-78c9bfe72c1c'),
       ('bfaa0594-fb26-4b17-8ac5-358bdc3dd844', '02a89235-4777-4373-922b-6b9093212337'),
       ('bfaa0594-fb26-4b17-8ac5-358bdc3dd844', '29035a0d-2982-4fe6-af87-fc308743a31d'),
       ('bfaa0594-fb26-4b17-8ac5-358bdc3dd844', 'af38442b-bcb5-443c-9f91-78c9bfe72c1c'),
       ('f073b003-3569-4c7a-a144-fb7d9ef049ed', '02a89235-4777-4373-922b-6b9093212337'),
       ('f073b003-3569-4c7a-a144-fb7d9ef049ed', '29035a0d-2982-4fe6-af87-fc308743a31d'),
       ('f073b003-3569-4c7a-a144-fb7d9ef049ed', 'af38442b-bcb5-443c-9f91-78c9bfe72c1c'),
       ('ac43231d-57a6-42fa-afa4-f6b9dae75c86', '02a89235-4777-4373-922b-6b9093212337'),
       ('ac43231d-57a6-42fa-afa4-f6b9dae75c86', '29035a0d-2982-4fe6-af87-fc308743a31d'),
       ('ac43231d-57a6-42fa-afa4-f6b9dae75c86', 'af38442b-bcb5-443c-9f91-78c9bfe72c1c'),
       ('be30b630-37f7-40a8-9c20-df8c37395b98', '02a89235-4777-4373-922b-6b9093212337'),
       ('be30b630-37f7-40a8-9c20-df8c37395b98', '29035a0d-2982-4fe6-af87-fc308743a31d'),
       ('be30b630-37f7-40a8-9c20-df8c37395b98', 'af38442b-bcb5-443c-9f91-78c9bfe72c1c'),
       ('64a5a6e9-fca1-4b62-bb79-10c79d40fee4', '02a89235-4777-4373-922b-6b9093212337'),
       ('64a5a6e9-fca1-4b62-bb79-10c79d40fee4', '29035a0d-2982-4fe6-af87-fc308743a31d'),
       ('64a5a6e9-fca1-4b62-bb79-10c79d40fee4', 'af38442b-bcb5-443c-9f91-78c9bfe72c1c'),
       ('f2fb6ed0-67eb-4bf9-9da9-807d003111e3', '02a89235-4777-4373-922b-6b9093212337'),
       ('f2fb6ed0-67eb-4bf9-9da9-807d003111e3', '29035a0d-2982-4fe6-af87-fc308743a31d'),
       ('f2fb6ed0-67eb-4bf9-9da9-807d003111e3', 'af38442b-bcb5-443c-9f91-78c9bfe72c1c'),
       ('3cd56631-8cd2-4582-9288-82980243d036', '02a89235-4777-4373-922b-6b9093212337'),
       ('3cd56631-8cd2-4582-9288-82980243d036', '29035a0d-2982-4fe6-af87-fc308743a31d'),
       ('3cd56631-8cd2-4582-9288-82980243d036', 'af38442b-bcb5-443c-9f91-78c9bfe72c1c'),
       ('95168841-27d2-4b97-8ff9-61517c241559', '02a89235-4777-4373-922b-6b9093212337'),
       ('95168841-27d2-4b97-8ff9-61517c241559', '29035a0d-2982-4fe6-af87-fc308743a31d'),
       ('95168841-27d2-4b97-8ff9-61517c241559', 'af38442b-bcb5-443c-9f91-78c9bfe72c1c'),
       ('8923ad4f-cc18-4cf6-88f4-1809ac5ae10e', '02a89235-4777-4373-922b-6b9093212337'),
       ('8923ad4f-cc18-4cf6-88f4-1809ac5ae10e', '29035a0d-2982-4fe6-af87-fc308743a31d'),
       ('8923ad4f-cc18-4cf6-88f4-1809ac5ae10e', 'af38442b-bcb5-443c-9f91-78c9bfe72c1c'),
       ('520ee1db-869a-485d-b495-0d5a2e3c861d', '02a89235-4777-4373-922b-6b9093212337'),
       ('520ee1db-869a-485d-b495-0d5a2e3c861d', '29035a0d-2982-4fe6-af87-fc308743a31d'),
       ('520ee1db-869a-485d-b495-0d5a2e3c861d', 'af38442b-bcb5-443c-9f91-78c9bfe72c1c'),
       ('72bcefde-1ceb-41be-bdec-805ce0af923b', '02a89235-4777-4373-922b-6b9093212337'),
       ('72bcefde-1ceb-41be-bdec-805ce0af923b', '29035a0d-2982-4fe6-af87-fc308743a31d'),
       ('72bcefde-1ceb-41be-bdec-805ce0af923b', 'af38442b-bcb5-443c-9f91-78c9bfe72c1c'),
       ('7cbf851b-5d60-47c2-9c63-4d89af44db3d', '02a89235-4777-4373-922b-6b9093212337'),
       ('7cbf851b-5d60-47c2-9c63-4d89af44db3d', '29035a0d-2982-4fe6-af87-fc308743a31d'),
       ('7cbf851b-5d60-47c2-9c63-4d89af44db3d', 'af38442b-bcb5-443c-9f91-78c9bfe72c1c'),
       ('b39c414b-de69-442d-bc2f-7b2ad2640919', '02a89235-4777-4373-922b-6b9093212337'),
       ('b39c414b-de69-442d-bc2f-7b2ad2640919', '29035a0d-2982-4fe6-af87-fc308743a31d'),
       ('b39c414b-de69-442d-bc2f-7b2ad2640919', 'af38442b-bcb5-443c-9f91-78c9bfe72c1c'),
       ('a7e5eb63-7bad-41e3-8eb9-8401af8dfe61', '02a89235-4777-4373-922b-6b9093212337'),
       ('a7e5eb63-7bad-41e3-8eb9-8401af8dfe61', '29035a0d-2982-4fe6-af87-fc308743a31d'),
       ('a7e5eb63-7bad-41e3-8eb9-8401af8dfe61', 'af38442b-bcb5-443c-9f91-78c9bfe72c1c'),
       ('53178b99-5af8-491c-824c-40013c28b720', '02a89235-4777-4373-922b-6b9093212337'),
       ('53178b99-5af8-491c-824c-40013c28b720', '29035a0d-2982-4fe6-af87-fc308743a31d'),
       ('53178b99-5af8-491c-824c-40013c28b720', 'af38442b-bcb5-443c-9f91-78c9bfe72c1c'),
       ('07d4b09c-dde9-4115-9b4c-ebbb98727a34', '02a89235-4777-4373-922b-6b9093212337'),
       ('07d4b09c-dde9-4115-9b4c-ebbb98727a34', '29035a0d-2982-4fe6-af87-fc308743a31d'),
       ('07d4b09c-dde9-4115-9b4c-ebbb98727a34', 'af38442b-bcb5-443c-9f91-78c9bfe72c1c'),
       ('adc8c1ab-d428-475d-b93f-814b93c13c5f', '02a89235-4777-4373-922b-6b9093212337'),
       ('e550706f-40a7-48be-9b36-6a5cb9571bf2', 'af38442b-bcb5-443c-9f91-78c9bfe72c1c'),
       ('adc8c1ab-d428-475d-b93f-814b93c13c5f', 'af38442b-bcb5-443c-9f91-78c9bfe72c1c'),
       ('09fd3a51-e728-498f-8e6e-7971ae1327f2', 'af38442b-bcb5-443c-9f91-78c9bfe72c1c'),
       ('a70b1e36-e71c-420d-ae34-67a4f1508a5f', 'af38442b-bcb5-443c-9f91-78c9bfe72c1c'),
       ('f99e3c45-cfd9-4524-a777-227b89ab9509', 'af38442b-bcb5-443c-9f91-78c9bfe72c1c'),
       ('423900d6-1528-492e-b14c-235b02c788d2', '02a89235-4777-4373-922b-6b9093212337'),
       ('423900d6-1528-492e-b14c-235b02c788d2', '29035a0d-2982-4fe6-af87-fc308743a31d'),
       ('423900d6-1528-492e-b14c-235b02c788d2', 'af38442b-bcb5-443c-9f91-78c9bfe72c1c'),
       ('6ca29a28-7af6-4fb5-9fcc-c1f9763c7a14', '02a89235-4777-4373-922b-6b9093212337'),
       ('6ca29a28-7af6-4fb5-9fcc-c1f9763c7a14', '29035a0d-2982-4fe6-af87-fc308743a31d'),
       ('6ca29a28-7af6-4fb5-9fcc-c1f9763c7a14', 'af38442b-bcb5-443c-9f91-78c9bfe72c1c'),
       ('1b0904db-a876-492c-981f-014c354a3c92', '02a89235-4777-4373-922b-6b9093212337'),
       ('1b0904db-a876-492c-981f-014c354a3c92', '29035a0d-2982-4fe6-af87-fc308743a31d'),
       ('1b0904db-a876-492c-981f-014c354a3c92', 'af38442b-bcb5-443c-9f91-78c9bfe72c1c'),
       ('477b1734-5b28-4e36-9e39-02e13462cd4e', '02a89235-4777-4373-922b-6b9093212337'),
       ('477b1734-5b28-4e36-9e39-02e13462cd4e', '29035a0d-2982-4fe6-af87-fc308743a31d'),
       ('477b1734-5b28-4e36-9e39-02e13462cd4e', 'af38442b-bcb5-443c-9f91-78c9bfe72c1c'),
       ('057de2ff-86a9-463b-9049-c31b87e8a511', '02a89235-4777-4373-922b-6b9093212337'),
       ('057de2ff-86a9-463b-9049-c31b87e8a511', '29035a0d-2982-4fe6-af87-fc308743a31d'),
       ('057de2ff-86a9-463b-9049-c31b87e8a511', 'af38442b-bcb5-443c-9f91-78c9bfe72c1c'),
       ('2fd81556-2bd7-4a04-a765-ce4d3151f4af', '02a89235-4777-4373-922b-6b9093212337'),
       ('2fd81556-2bd7-4a04-a765-ce4d3151f4af', '29035a0d-2982-4fe6-af87-fc308743a31d'),
       ('2fd81556-2bd7-4a04-a765-ce4d3151f4af', 'af38442b-bcb5-443c-9f91-78c9bfe72c1c'),
       ('fb9a1d3d-f8b4-42de-90d8-5867da4b55f5', '02a89235-4777-4373-922b-6b9093212337'),
       ('fb9a1d3d-f8b4-42de-90d8-5867da4b55f5', '83a29b4f-b8d0-4f2d-8877-a56446194f0c'),
       ('fb9a1d3d-f8b4-42de-90d8-5867da4b55f5', '39a45c7f-fb47-45fa-87b6-48f27777479c'),
       ('fb9a1d3d-f8b4-42de-90d8-5867da4b55f5', '29035a0d-2982-4fe6-af87-fc308743a31d'),
       ('fb9a1d3d-f8b4-42de-90d8-5867da4b55f5', 'af38442b-bcb5-443c-9f91-78c9bfe72c1c'),
       ('fb9a1d3d-f8b4-42de-90d8-5867da4b55f5', '900a8276-edb0-4a2d-812c-aaa964264922'),
       ('9dc8b22e-cf77-42ad-9b1c-c491a4b5e200', '02a89235-4777-4373-922b-6b9093212337'),
       ('9dc8b22e-cf77-42ad-9b1c-c491a4b5e200', '29035a0d-2982-4fe6-af87-fc308743a31d'),
       ('9dc8b22e-cf77-42ad-9b1c-c491a4b5e200', 'af38442b-bcb5-443c-9f91-78c9bfe72c1c'),
       ('98ea6243-b081-4c62-9f5f-a7452d153637', '02a89235-4777-4373-922b-6b9093212337'),
       ('98ea6243-b081-4c62-9f5f-a7452d153637', '29035a0d-2982-4fe6-af87-fc308743a31d'),
       ('98ea6243-b081-4c62-9f5f-a7452d153637', 'af38442b-bcb5-443c-9f91-78c9bfe72c1c'),
       ('627696a1-a436-4c6c-96c6-7b90020513a8', '02a89235-4777-4373-922b-6b9093212337'),
       ('627696a1-a436-4c6c-96c6-7b90020513a8', '29035a0d-2982-4fe6-af87-fc308743a31d'),
       ('627696a1-a436-4c6c-96c6-7b90020513a8', 'af38442b-bcb5-443c-9f91-78c9bfe72c1c'),
       ('ed3809f4-b3ae-43cf-8b3a-8d9f38adb29f', '02a89235-4777-4373-922b-6b9093212337'),
       ('ed3809f4-b3ae-43cf-8b3a-8d9f38adb29f', '29035a0d-2982-4fe6-af87-fc308743a31d'),
       ('ed3809f4-b3ae-43cf-8b3a-8d9f38adb29f', 'af38442b-bcb5-443c-9f91-78c9bfe72c1c'),
       ('cc88b3bf-d421-45e8-a4b9-8979860bf8be', '02a89235-4777-4373-922b-6b9093212337'),
       ('cc88b3bf-d421-45e8-a4b9-8979860bf8be', '29035a0d-2982-4fe6-af87-fc308743a31d'),
       ('cc88b3bf-d421-45e8-a4b9-8979860bf8be', 'af38442b-bcb5-443c-9f91-78c9bfe72c1c'),
       ('a70b1e36-e71c-420d-ae34-67a4f1508a5f', '02a89235-4777-4373-922b-6b9093212337'),
       ('f99e3c45-cfd9-4524-a777-227b89ab9509', '02a89235-4777-4373-922b-6b9093212337'),
       ('3023c3e8-c41f-4f91-b70a-d0b868fda445', '02a89235-4777-4373-922b-6b9093212337'),
       ('192494a3-a17a-4e00-8b4f-82fe0675d0b5', '02a89235-4777-4373-922b-6b9093212337'),
       ('3023c3e8-c41f-4f91-b70a-d0b868fda445', 'af38442b-bcb5-443c-9f91-78c9bfe72c1c'),
       ('b6a99767-4464-45d9-b2b4-eb4a0df0ec9a', 'af38442b-bcb5-443c-9f91-78c9bfe72c1c'),
       ('84c5c899-a2cc-45bf-8b40-a6de70a5eb45', '29035a0d-2982-4fe6-af87-fc308743a31d'),
       ('192494a3-a17a-4e00-8b4f-82fe0675d0b5', '29035a0d-2982-4fe6-af87-fc308743a31d'),
       ('192494a3-a17a-4e00-8b4f-82fe0675d0b5', 'af38442b-bcb5-443c-9f91-78c9bfe72c1c'),
       ('8af092af-5d23-47ce-8ec8-d7d1c31f6fd4', '29035a0d-2982-4fe6-af87-fc308743a31d'),
       ('09fd3a51-e728-498f-8e6e-7971ae1327f2', '02a89235-4777-4373-922b-6b9093212337'),
       ('09fd3a51-e728-498f-8e6e-7971ae1327f2', '29035a0d-2982-4fe6-af87-fc308743a31d'),
       ('f66298a2-cfa0-4888-9e65-9a04926158b2', '29035a0d-2982-4fe6-af87-fc308743a31d'),
       ('f66298a2-cfa0-4888-9e65-9a04926158b2', 'af38442b-bcb5-443c-9f91-78c9bfe72c1c'),
       ('dea6c178-b2de-477b-ac9a-dccc4e063fbb', '29035a0d-2982-4fe6-af87-fc308743a31d'),
       ('dea6c178-b2de-477b-ac9a-dccc4e063fbb', 'af38442b-bcb5-443c-9f91-78c9bfe72c1c'),
       ('bbdaeefb-265e-4bb9-859f-b683e34f1c53', '02a89235-4777-4373-922b-6b9093212337'),
       ('bbdaeefb-265e-4bb9-859f-b683e34f1c53', '29035a0d-2982-4fe6-af87-fc308743a31d'),
       ('bbdaeefb-265e-4bb9-859f-b683e34f1c53', 'af38442b-bcb5-443c-9f91-78c9bfe72c1c'),
       ('ee8441b5-8b23-4fbe-a17b-ed64c0795bba', '29035a0d-2982-4fe6-af87-fc308743a31d'),
       ('ee8441b5-8b23-4fbe-a17b-ed64c0795bba', 'af38442b-bcb5-443c-9f91-78c9bfe72c1c'),
       ('f99e3c45-cfd9-4524-a777-227b89ab9509', '29035a0d-2982-4fe6-af87-fc308743a31d'),
       ('2f258747-30aa-48cc-9b89-e38efdfcca5b', '29035a0d-2982-4fe6-af87-fc308743a31d'),
       ('2f258747-30aa-48cc-9b89-e38efdfcca5b', 'af38442b-bcb5-443c-9f91-78c9bfe72c1c'),
       ('a70b1e36-e71c-420d-ae34-67a4f1508a5f', '29035a0d-2982-4fe6-af87-fc308743a31d'),
       ('e7f01669-e9a5-4cf8-ac59-59f84aa155d5', '29035a0d-2982-4fe6-af87-fc308743a31d'),
       ('31137284-809d-4417-936e-678954a001e1', '29035a0d-2982-4fe6-af87-fc308743a31d'),
       ('31137284-809d-4417-936e-678954a001e1', 'af38442b-bcb5-443c-9f91-78c9bfe72c1c'),
       ('f1f8b5f6-ea8e-49ba-a38a-d441393bd982', '29035a0d-2982-4fe6-af87-fc308743a31d'),
       ('e550706f-40a7-48be-9b36-6a5cb9571bf2', '29035a0d-2982-4fe6-af87-fc308743a31d'),
       ('828ff636-f00e-4dd0-8fef-83b338b75f36', '02a89235-4777-4373-922b-6b9093212337'),
       ('828ff636-f00e-4dd0-8fef-83b338b75f36', '29035a0d-2982-4fe6-af87-fc308743a31d'),
       ('828ff636-f00e-4dd0-8fef-83b338b75f36', 'af38442b-bcb5-443c-9f91-78c9bfe72c1c'),
       ('670b4a21-5dfd-441a-87be-2115d4319618', '02a89235-4777-4373-922b-6b9093212337'),
       ('670b4a21-5dfd-441a-87be-2115d4319618', 'af38442b-bcb5-443c-9f91-78c9bfe72c1c'),
       ('cd6a79d8-0228-4ed7-84de-96960ac227ff', '02a89235-4777-4373-922b-6b9093212337'),
       ('cd6a79d8-0228-4ed7-84de-96960ac227ff', 'af38442b-bcb5-443c-9f91-78c9bfe72c1c'),
       ('18a74286-052e-4847-98fe-3142bdf6281c', '02a89235-4777-4373-922b-6b9093212337'),
       ('18a74286-052e-4847-98fe-3142bdf6281c', 'af38442b-bcb5-443c-9f91-78c9bfe72c1c'),
       ('b04ae1d3-41c3-416d-b633-64a16eaaf656', '02a89235-4777-4373-922b-6b9093212337');



--
-- Data for Name: measurement_system; Type: TABLE DATA;
--
INSERT INTO measurement_system (id, name)
VALUES ('9925531f-f9c7-4f98-80ec-a57b846eefdc', 'Imperial'),
       ('ec0af8d2-b232-4348-ad23-ef895eed442f', 'Metric'),
       ('e11beb69-79cc-4627-b24d-e8116c8ac2a0', 'None');

--
-- Data for Name: measurement_type; Type: TABLE DATA;
--
INSERT INTO measurement_type (id, name)
VALUES ('c9f1bbda-2ebd-468d-bbc8-24bbfda9ccbb', 'Weight'),
       ('2e617173-1224-474e-8ba9-448ce4a506e7', 'Duration'),
       ('602c9d10-f0b4-4c84-871c-f02b1e3193d6', 'Distance'),
       ('38724e2e-38e1-4ae1-8b9c-b9b836681b33', 'Count'),
       ('d1f25335-e832-46a7-88df-3787d532bc67', 'None');


--
-- Data for Name: muscle_group; Type: TABLE DATA;
--
INSERT INTO muscle_group (id, name)
VALUES ('7fedcd48-be66-423a-b88e-c758d31c6c4e', 'Deltoid'),
       ('3c06d6d0-fe7f-4059-b1c6-deff751503e1', 'Bicep'),
       ('7fab536f-9b8e-4405-beff-ad087fd5929d', 'Forearm'),
       ('06857be2-3565-4922-804f-a2640a3d4240', 'Pectoralis'),
       ('39d61f64-5b43-4f89-8dc7-c536a8d0b26a', 'Upper Abs'),
       ('7df1f851-2570-4b3a-9adc-79d92276fbcb', 'Lower Abs'),
       ('f79d57c8-cbf6-4410-9505-16d3ebd5a2b3', 'Obliques'),
       ('2fcda714-cc24-4751-a5f6-31a2e01d3bae', 'Quadriceps'),
       ('2b62a5e2-4a93-4cd0-9e59-43dffcb277f0', 'Tibialis Anterior'),
       ('b1d042a1-cd4d-44bb-a95a-c434685a2ac2', 'Triceps'),
       ('28a08e19-d051-4dd0-becc-d9da6bc3b384', 'Traps'),
       ('024b422c-7af9-4e69-a28a-eaa79615df28', 'Rhomboid'),
       ('02459f1c-6c26-4ee6-90e5-4ff1dab21831', 'Lats'),
       ('30be2913-1a18-4428-9369-e058e99b80da', 'Gluts'),
       ('0a98362f-8b3d-47e8-ba5a-c2f60231fad0', 'Hamstring'),
       ('45b6df61-8b80-473c-9d9e-3276581eed41', 'Calf'),
       ('06baf562-1ad4-4e3e-83df-518d9c5f8b7c', 'Cardio'),
       ('7edde4ed-5f19-41c5-9da3-4ea2573c0876', 'Outer Thigh'),
       ('f9bf1b8b-03c5-41ac-9f0e-11685799e8c8', 'Inner Thigh'),
       ('223b49f4-8c60-430b-ba5c-f78822b4af1d', 'Serratus Anterior'),
       ('673b5423-a715-4b41-9952-ce192ef565fd', 'Infraspinatus'),
       ('61e7589e-6812-4a67-8917-e1d8873e30d0', 'Teres Minor'),
       ('e06bbcca-e376-4fba-bb1d-778d584f9ccb', 'Teres Major'),
       ('eac5d36e-fbdc-41f5-bfca-f91a1b347f77', 'Erector Spinae');


--
-- Data for Name: scalable_vector_graphics_path; Type: TABLE DATA;
--
INSERT INTO scalable_vector_graphics_path (id, name, body_part_id, path, gradient_starting_y, path_height,
                                           color_override, draw_order)
VALUES ('85e36fe9-02e9-4a09-9be1-ad61d7291072', 'head', '53307a59-8f40-4505-9032-3bf48dda92a6',
        'm 83.966444,48.319665 c -2.446112,-1.419744 -5.253878,-3.785408 -6.302122,-6.015202 -0.888253,-2.606185 -0.521997,-7.413575 -1.150767,-6.972173 -0.542678,0.380956 -1.851827,-0.217367 -2.323513,-1.036104 -1.172374,-2.03497 -1.979779,-3.15612 -1.680231,-6.180318 0.225113,-2.272736 2.255071,0.340442 2.301191,-1.724035 0.06139,-2.748837 -1.156251,-5.841226 0.827115,-9.802917 0.534724,-1.068086 1.465571,-2.807649 2.476205,-3.683617 4.429195,-3.83901 9.973738,-3.2651238 9.973738,-3.2651238 6.73e-4,7.0832898 0.01219,40.3563538 0.01219,40.3563538 -3.840598,-0.668187 -2.983704,-0.813067 -4.13381,-1.676864 z',
        1, 8, null, 0),
       ('dbc79398-9f26-4f7b-b76e-0440e6208f0d', 'Calf', '36acc286-7970-4ac1-987f-c8c188b4aedf',
        'm 73.408538,223.79432 c 0,0 1.763338,-1.89542 3.198904,-0.63219 0.724476,0.6375 1.93742,2.09451 2.554718,3.95815 2.718146,8.20615 -2.230606,13.05196 -2.810467,16.5083 -0.829001,4.94138 -0.940997,3.63246 -1.402861,9.57266 -0.408623,5.25545 -0.93755,10.57822 -1.279879,10.87914 -0.342328,0.30093 -2.439788,-12.94341 -1.722509,-19.58972 0.226228,-2.09622 0.790122,-3.90541 0.878081,-6.08389 0.325228,-8.05492 0.584013,-14.61245 0.584013,-14.61245 z',
        -1, 27, null, 0),
       ('d8c70745-a7fa-4a50-b7a4-485da6a96e12', 'head', '151017d8-cc5d-4ffd-ae0e-9f42f211d355',
        'M 84.545453,52.205243 C 83.386402,51.512029 81.7983,50.559067 81.100909,49.93122 c -3.71148,-3.643379 -4.76422,-8.375353 -5.726209,-7.869047 -0.519192,0.372176 -0.870116,2.694185 -0.628881,1.382 0.468182,-2.546628 0.171586,-3.879741 0.03549,-6.348052 -0.194942,-3.536856 1.675179,3.126431 1.580973,-0.545755 -0.08748,-3.409155 -0.301804,-10.183659 3.703357,-14.203591 4.005209,-4.019932 8.280369,-3.792748 8.280369,-3.792748 6.66e-4,6.920022 0.0086,35.282992 0.0086,35.282992 -1.841097,-0.193976 -3.174344,-1.285521 -3.809155,-1.631776 z',
        null, null, null, 0),
       ('a5fb2388-3336-4f63-b972-843d3c064e8e', 'Trapezius', 'e511b6ce-890f-404e-9b5b-35e556813d7d',
        'm 68.292867,52.608988 c 6.013177,-0.422389 6.19904,-4.610284 8.202637,-5.123876 -1.061513,7.473855 -0.385092,8.731195 -0.08516,10.942811 -7.152722,0.70353 -8.135219,-1.472344 -14.06309,-2.457811 1.242384,-1.255419 2.774448,-2.209132 5.945613,-3.361124 z',
        -4, 9, null, 0),
       ('49fa9402-4df7-4cb4-bc50-1dcf548f561b', 'hair', '151017d8-cc5d-4ffd-ae0e-9f42f211d355',
        'm 88.232722,8.018281 c 0,0 -3.729141,0.455716 -4.508815,2.091002 -0.82195,1.723935 0.88775,3.924726 0.88775,3.924726 -1.581543,0.735932 -5.146361,2.306008 -7.928223,5.866848 -4.758385,6.090824 -3.526959,19.457601 -3.281957,22.127985 0.382384,4.167761 2.59284,11.33515 3.182129,12.55229 0.577585,1.192971 0.795499,-0.09237 0.374354,-2.032287 -0.421149,-1.939911 -0.795502,-9.052915 -0.935887,-11.639463 -0.140381,-2.586546 0.410963,-8.431859 1.029474,-9.69955 2.447573,-5.016525 7.22958,-8.193392 11.206443,-8.209503 0,0 -0.02983,-14.537508 -0.02527,-14.982048 z',
        null, null, 'black', 2),
       ('1c26bca7-0ae1-478a-bcf4-c42a54826fcf', 'head', '125317a6-a3b3-41eb-ab57-36c611704fe9',
        'm 107.96267,26.8539 c 0,0 -0.29793,0.469294 0.0237,1.556521 0.16485,0.557756 0.64778,0.814934 -1.33673,1.248545 -4.52748,0.989281 2.03641,-0.308278 0.97248,1.171897 -0.65679,0.91377 -0.33337,1.473845 -0.39406,3.397269 -0.0736,2.316004 -0.36567,2.308614 -4.51504,2.189574 -4.866097,-0.13967 -4.090467,2.1656 -4.451827,5.80411 -0.27833,2.80058 0.19914,2.10543 0.19914,2.10543 -8.67907,-1.32069 -10.58978,-1.1641 -17.975326,-2.07272 1.916393,-5.17347 1.956015,-4.25503 2.799802,-9.98874 0.379414,-5.606729 -3.86229,-9.534487 -3.382433,-17.123493 0.519573,-8.2169102 5.905987,-12.4096086 12.949047,-12.3730636 6.33266,0.506611 9.120447,2.5160203 12.042107,6.0035085 1.41111,1.6843831 1.92912,4.2774881 2.08604,4.7666711 0.84495,2.634302 1.40038,3.464237 0.59196,5.304879 0.13271,1.931527 0.70295,2.459326 1.77132,3.788441 1.94104,2.414764 1.85396,2.853255 -1.37997,4.221529 z',
        null, null, null, 0),
       ('ff3c53b7-cd0c-47a5-a58d-f81cd055b84f', 'sunglasses', '53307a59-8f40-4505-9032-3bf48dda92a6',
        'm 74.165024,25.927438 c -0.09801,1.303254 0.718803,5.637329 1.143523,6.091945 0.424753,0.454639 7.776011,0.727406 8.788851,0.363697 1.01284,-0.363697 2.97318,-3.788518 3.0712,-4.273448 0.098,-0.48494 0.84074,-0.439475 0.84074,-0.439475 l 0.011,-0.541748 c 0,0 -0.72102,0.07201 -0.91705,-0.261414 -0.19604,-0.333395 -0.39207,-0.87894 -0.78415,-0.96987 -0.39205,-0.09096 -11.500644,-0.424303 -12.15408,0.03039 z',
        0, 18, 'black', 1),
       ('08eee553-910e-4ff7-a5f3-c5238d78b548', 'hair', '53307a59-8f40-4505-9032-3bf48dda92a6',
        'm 88.094366,15.37566 c -1.240248,0.01421 -4.106016,-1.120608 -7.316338,-0.463867 -1.090352,0.223055 -3.380986,0.642984 -4.386533,2.337829 -0.607349,1.023687 -0.833966,2.110212 -1.09554,3.319162 -0.230991,1.067604 -0.203115,2.559851 -0.551677,3.519005 -0.421312,1.159332 -0.607286,-5.814675 -0.152544,-7.36488 1.041318,-3.549835 4.122037,-6.412868 5.548534,-7.263314 1.426494,-0.850446 3.842597,-2.2534672 7.954098,-2.2573765 z',
        null, null, 'black', 2),
       ('3c282a7a-ed00-43ea-af1b-1910c4cfc59e', 'sunglasses', '151017d8-cc5d-4ffd-ae0e-9f42f211d355',
        'm 74.44987,32.469613 c -0.09836,1.307885 0.721357,5.657357 1.147586,6.113588 0.426261,0.456255 7.803636,0.729991 8.820074,0.364989 1.016439,-0.364989 2.983743,-3.801977 3.082111,-4.288629 0.09835,-0.486663 0.843727,-0.441036 0.843727,-0.441036 l 0.01104,-0.543674 c 0,0 -0.723581,0.07226 -0.920307,-0.262342 -0.196737,-0.33458 -0.393463,-0.882063 -0.786936,-0.973316 -0.393444,-0.09128 -11.541502,-0.425811 -12.19726,0.0305 z',
        null, null, 'black', 1),
       ('f71fafb6-1773-4c0a-a10d-fa4e547cb48c', 'head', '0c823802-e027-439f-95f3-a4192ed45c74',
        'm 105.55077,37.528683 c 0.13824,0.467747 0.74404,1.185424 -0.92022,1.549061 -3.79685,0.829636 0.79042,0.02847 0.81556,0.982783 0.0159,0.604791 -0.26429,0.463112 -0.35361,0.800129 -0.12714,0.479746 -0.13164,1.116027 0.0231,2.048907 0.14387,0.867229 -0.76025,2.314037 -3.3187,1.836231 -4.01313,-0.749475 -3.43036,1.816127 -3.73342,4.867475 -0.23341,2.348637 0.16701,1.765666 0.16701,1.765666 -7.2785,-1.107563 -6.7427,-0.708973 -12.93641,-1.470965 1.60714,-4.338603 1.43992,-2.900203 2.14753,-7.708638 0.31819,-4.701946 -5.176713,-8.931305 -4.774293,-15.295638 0.43572,-6.89091 6.039593,-10.477882 10.386933,-9.833025 5.23986,0.755587 7.83763,2.629716 10.47679,5.436294 2.52462,2.686774 1.88391,6.193268 1.06437,8.233646 -0.25757,0.734786 0.47473,1.073151 1.38909,2.172737 1.26471,1.52091 1.4636,1.720429 0.79171,2.375258 -0.53976,0.555624 -1.3308,0.694553 -1.49479,1.22561 -0.0629,0.203827 0.21828,0.81793 0.26935,1.014469 z',
        null, null, null, 0),
       ('ef08174d-f3b0-4a79-b55e-7f649f112bbd', 'head', '2dbadaea-90ad-4817-a98d-0a8f190a78f0',
        'm 79.099377,52.928027 c 0,0 2.46654,-2.30109 1.50476,-6.60589 v 0 c -1.3297,-1.0891 -2.34645,-2.80007 -2.82653,-3.92982 -0.40497,-0.94912 -1.75115,-3.57494 -2.2559,-3.20254 -0.43563,0.3214 -0.90493,1.63185 -0.70253,0.49869 0.39284,-2.19919 0.14397,-3.35042 0.0298,-5.48197 -0.16356,-3.05432 1.40557,2.69988 1.32653,-0.4713 -0.0734,-2.94404 0.4947,-10.78411 3.85526,-14.2556 3.36059,-3.47148 8.42844,-3.89966 8.42844,-3.89966 5.6e-4,5.97591 -0.0503,40.1118 -0.0503,40.1118 -2.30531,1.2e-4 -3.17051,-2.83761 -7.39578,-2.81412 z',
        0, 22, null, 0),
       ('53716080-4bb5-4f48-b73e-eeb0d7044a77', 'traps', 'f1cf2afd-0a1a-4b14-8f53-a04e57831b56',
        'm 81.077907,56.191937 c -1.30353,-0.76778 -2.02622,-1.90974 -5.37214,2.17187 -1.44163,1.75859 -7.02167,0.0358 -5.92622,2.76545 1.30246,3.24547 2.14904,7.13018 0.19403,10.35917 2.39167,0.87857 6.80675,2.53188 6.27784,4.6099 -0.24485,0.962 -0.50042,2.72776 -0.094,3.61973 1.52392,3.34437 5.00067,5.42946 7.24519,9.11358 1.54877,1.39235 0.47968,-13.2559 1.41941,-26.63498 0,0 -3.24227,-5.16241 -3.74413,-6.00472 z',
        -2, 24, null, 0),
       ('19500381-5def-46a7-b872-1f23e9112944', 'sunglasses', '0c823802-e027-439f-95f3-a4192ed45c74',
        'm 105.59063,28.665819 c -0.031,0.385282 -0.62418,6.239804 -0.66099,6.406202 -0.0258,0.118031 -0.43933,0.06117 -0.47205,-0.06854 -0.0613,-0.243115 0.0516,-2.22465 0.22864,-4.239644 0,0 -8.12151,-0.493162 -8.56707,-0.506764 -0.50197,-0.01532 -5.21194,-0.702551 -5.39013,0.835079 -0.0805,0.694221 -1.26565,1.786219 -1.4686,1.796367 -0.20297,0.01015 0.36194,-1.725107 1.35496,-2.789234 0.70493,-0.755405 3.97563,-0.498383 5.5366,-0.387431 1.73322,0.123195 8.59621,0.570811 8.59621,0.570811 0.0872,-0.208361 0.13939,-2.110969 0.84229,-1.616845 z',
        null, null, 'black', 1),
       ('4a2a4946-130c-4ff7-bef3-5c5e338f7870', 'bicep', 'a5496be6-cdac-4e37-902d-4c9bc27118fc',
        'm 58.049059,76.628206 c 0,0 -2.775185,2.649394 -4.577719,4.844483 -0.999012,1.216575 -0.81125,0.757414 -1.631244,1.497848 -5.917989,5.343792 -4.735743,3.046786 -5.493864,-6.934793 -0.118983,-1.566559 -2.498553,1.687957 -4.054148,6.080499 -1.378406,3.892211 -1.937805,8.850492 -2.248213,9.588761 -2.467321,9.666576 6.06171,16.820316 8.392171,16.039726 4.46026,-5.08258 6.312478,-9.828668 9.471897,-21.169649 0.202636,-0.72738 -2.096897,-4.399951 0.14112,-9.946875 z',
        0, 26, null, 0),
       ('400043cb-2407-48fe-b294-c04d69e08581', 'forearm', 'b3da748b-2130-4a8d-82ae-f73e535ca9b7',
        'm 39.299961,96.945514 c -1.89883,0.925687 -3.488089,10.589646 -3.916685,13.720416 -0.565166,4.12838 -0.80455,13.3062 -1.080824,14.74896 -0.509852,2.66256 3.877427,12.383 4.961402,13.63813 0.410768,0.47562 0.776742,-3.11156 4.370085,-13.10897 2.241338,-6.23586 2.454496,-16.07905 1.341342,-16.84673 -3.071012,-2.11792 -5.33523,-8.82612 -5.67532,-12.151806 z',
        1, 28, null, 0),
       ('1063f92a-37e6-45b3-915b-13e5d34d70f5', 'lats', 'e490a00a-e39e-4728-b53a-fe525e8bf8ae',
        'm 82.509828,92.414697 c -1.4387,8.801743 -2.81922,21.309343 -1.2131,33.598503 0.26273,2.01025 -8.64328,-9.21791 -10.55953,-11.93177 -1.50538,-2.13196 -5.3204,-2.29071 -5.3204,-3.47766 0,-0.58064 -13.1876,-15.928796 -10.87719,-15.542712 2.38326,0.398257 4.58571,1.843365 10.29657,-1.210843 1.86498,-0.997405 4.38576,-3.830213 5.80296,-5.990591 1.06063,-1.616822 1.1586,-3.608769 1.55576,-3.204135 3.02183,3.078701 9.01488,6.687208 10.31493,7.759208 z',
        -10, 30, null, 0),
       ('9131b981-59dc-41fc-a835-e992bbdcd04b', 'erectorSpinae', 'fb8a71e3-9409-4b0d-a577-7e3235ed3a80',
        'm 83.707498,96.249497 c 0,0 0.336341,-47.415517 1.167255,-45.659408 0.137679,0.290982 1.350986,-1.710445 1.413165,0.408785 0.310769,10.5918 0.380814,44.88383 0.210529,47.09744 -0.20046,2.605866 0.227529,22.599566 0.694132,28.149156 0.371088,4.41357 -3.817031,0.70621 -4.487721,-3.11951 -1.49269,-8.51468 0.26018,-21.61404 1.00264,-26.876463 z',
        -45, 60, null, 0),
       ('bb392718-7c5d-4210-bf9a-6f04e950defa', 'deltoid', '64a049dc-1001-497a-b9eb-3cf072f3fcca',
        'm 62.588778,59.579993 c 0,0 -11.79936,-0.392598 -16.38558,8.21929 -2.59317,4.869401 -3.27442,10.72246 -2.34011,10.11176 2.68757,-1.75669 8.65894,0.574821 11.33571,-0.08935 8.06979,-2.002314 16.41466,-11.245709 7.38998,-18.2417 z',
        -3, 17, null, 0),
       ('8ae139b6-98fa-4419-828e-5af55a21176a', 'lats', '6f956881-228e-4db8-80b9-a5fc9984b616',
        'm 83.409197,133.80249 c -9.40438,-2.87709 -12.20485,-10.31437 -17.74691,-9.37147 -1.7581,0.29911 2.66513,-2.8961 2.17681,-12.73949 -0.54231,-10.93156 -3.27954,-12.387873 -4.60547,-20.776063 -0.14447,-0.914 12.05627,4.83979 14.18989,-6.46124 0.26066,-1.38061 6.02422,5.90496 6.16509,6.58387 1.08715,5.23931 -3.15655,34.805623 -0.17941,42.764393 z',
        -49, 36, null, 0),
       ('556af801-d694-4eda-9afd-622f35e28276', 'forearm', 'b50ae232-eaed-4945-9cdd-26e144ac534e',
        'm 33.677438,120.11513 c 0.1558,-3.8595 1.28511,-6.679 3.0972,-8.69684 1.81207,-2.01784 6.87529,-0.94756 6.60302,0.62796 -0.13941,0.80672 1.04649,1.57271 1.19783,4.92677 0.29926,6.63262 -1.22932,5.01283 -2.49453,9.80055 -0.6518,2.46654 -3.63663,7.93138 -4.20859,4.9187 -1.63621,-6.41022 -4.20075,-8.46689 -4.19493,-11.57714 z',
        -10, 14, null, 0),
       ('0500a92e-b2ca-4671-98c8-d8a5a76cc9b5', 'calf', 'b34a23f0-2b49-41d4-bb1f-eb51a7967976',
        'm 55.308138,213.52008 c -0.87483,0.40615 -0.42626,1.39345 -0.51373,3.7491 -0.0875,2.35566 -3.57687,8.38576 -2.60462,18.76811 0.41764,4.45981 1.38315,9.77011 3.18057,11.05774 3.42026,2.45022 5.82307,7.78743 6.63522,8.50005 2.65126,2.32636 0.65288,-7.97734 2.92705,-9.63505 5.42321,-3.95315 2.88711,-10.14482 3.74334,-20.2471 0.48102,-5.67538 -4.20979,-5.29527 -5.57038,-3.97315 -0.53742,0.52223 -3.42405,-4.16707 -4.38644,-6.26565 -1.06724,-2.32722 -3.41101,-1.95398 -3.41101,-1.95398 z',
        -1, 30, null, 0),
       ('32c40d1d-e00c-4ca6-a7f6-d699d20adfda', 'foot', '4455d42b-e170-407e-9a03-e21bc9e5dab7',
        'm 61.098578,271.88951 c 0,0 -2.52573,1.65759 -3.65457,-2.79219 -0.45635,-1.79893 -2.99077,-8.49021 -3.18824,-6.95819 -0.19744,1.53206 -2.36189,6.07664 -3.78715,8.29285 -1.60813,2.50057 -4.97313,2.19493 -5.25576,3.98519 -0.23017,1.45793 -0.42599,2.48179 -0.0623,3.48667 1.80908,4.9988 10.01562,4.58912 12.65392,4.78893 5.79052,0.43855 6.26581,-1.83174 5.05567,-8.0168 -1.0954,-5.59864 0.6223,-3.72423 -1.76154,-2.78646 z',
        -1, 25, null, 0),
       ('bb1fdd38-469b-4cc0-a064-c35894f69331', 'deltoid', 'a5e5bd58-1c6a-46df-9688-bdfdc2026820',
        'm 68.399537,61.523317 c 0,0 -8.60144,-2.60243 -13.76613,5.03277 -2.83718,4.19434 -4.14332,14.66116 -3.27651,13.95793 4.52089,-3.66777 5.60681,-3.08837 8.49836,-3.95019 10.25235,-3.05568 11.10133,-7.51219 8.54428,-15.04051 z',
        0, 12, null, 0),
       ('83d3b9dd-3170-4fb6-9306-f0e56526b85b', 'erectorSpinae', '575feff7-e7d1-4c95-ac31-60c7a76fcc12',
        'm 86.256487,56.399787 c 3e-5,0 0.99178,-2.92727 1.12476,-0.69351 0.64541,10.84188 -0.24614,45.765243 -0.33912,48.035783 -0.13202,2.80549 0.21803,30.39267 0.21803,30.39267 -3.70515,-1.79371 -3.59277,-6.94093 -3.66806,-10.65225 -0.0269,-1.3232 0.49154,-11.70526 0.79413,-16.49373 1.1955,-18.919003 1.28102,-48.316403 1.87029,-50.588963 z',
        0, 60, null, 0),
       ('ddf556c9-f51c-49b0-8938-4ce28a3e1959', 'rhomboid', 'cf079ba0-9a90-4ebf-980a-8a4e2b3d665e',
        'm 69.134557,72.573237 c -4.05431,4.38298 -6.82616,3.7694 -7.36247,4.73379 -0.84194,1.51395 0.56122,3.50599 0.36147,6.08598 -0.19974,2.57999 0.63151,4.40207 1.0167,5.18089 1.9981,1.8458 8.04274,2.19396 10.26808,0.69332 4.31067,-3.5605 3.49741,-6.05377 1.86093,-8.63484 -2.0727,-3.26908 3.62034,-4.78531 -6.14471,-8.05914 z',
        1, 13, null, 0),
       ('2e3c2037-9a17-4c77-8a35-8f410cfb9e72', 'hamstring', '221f4248-f67b-41c3-8cfa-4d9df45c8d6f',
        'm 59.020388,169.16854 c -2.35836,3.45176 1.38661,7.04705 -0.5808,13.74777 -1.07758,3.6701 -1.36718,7.78535 -1.96864,12.83867 -0.16747,1.40704 -1.3912,11.16962 1.9969,11.94015 1.65057,0.3753 6.71312,-2.89217 7.18695,0.53359 0.24463,1.7687 0.97756,3.34434 4.54225,4.5358 1.88732,0.63081 -0.10454,-6.36928 3.5512,-12.29266 5.34615,-8.66234 9.16229,-20.12803 10.771158,-27.8634 1.858586,-8.936 -1.848938,-7.99623 -12.102038,-3.48558 -4.42279,1.94572 -11.87087,1.50862 -13.39698,0.0457 z',
        -3, 35, null, 0),
       ('df414ce8-753a-489a-8b43-e62c37c549ce', 'forearm', '2e57ca59-1a62-4d0c-b350-5a473a15ffd2',
        'm 44.519897,121.5544 c 1.34692,-4.09345 0.59815,-3.63102 2.29952,-4.84389 1.70137,-1.21288 7.90633,-1.39258 7.78319,0.0874 -0.13476,1.61973 1.24912,3.85971 1.11038,7.12326 -0.20027,4.71106 -1.17065,3.74994 -2.33111,7.57464 -3.17237,10.45568 -4.25082,1.86993 -7.57397,-1.50235 -1.1563,-4.6725 -1.51306,-3.89613 -1.28801,-8.43906 z',
        -5, 12, null, 0),
       ('6db3d77b-9932-437a-a6d2-6ee4928e42ca', 'pectoralis', '95cf8d1f-6096-4eb6-a8b7-d10e94c595f8',
        'm 86.651161,68.705431 c 0,0 -18.296143,0.172362 -18.500712,7.82431 -0.118476,4.431712 -1.957673,8.089208 -0.562299,12.836823 1.755375,5.972475 19.471999,5.496191 19.126025,0.117531 -0.468896,-7.289653 0.563383,-13.364544 -0.06301,-20.778664 z',
        0, 19, null, 0),
       ('0a7a2040-b150-428e-b5d7-ce81115385c2', 'upperAbdominal-1', 'cd8525cc-bccb-4c5e-a6f4-a8310f57c4a9',
        'm 87.235935,97.352418 c -6.660294,2.070312 -9.534487,2.447572 -10.216228,4.335592 -0.911651,2.52474 -1.02544,3.93802 -0.840919,5.78161 0.08154,0.8148 10.453361,-0.60041 10.865622,-1.90872 0.480099,-1.52365 0.542214,-6.34625 0.19152,-8.208482 z',
        1, 8, null, 0),
       ('8461ba60-a2ff-4740-98fc-45746f2c3edd', 'bicep', 'd7cbdf74-5c66-4e37-a0e5-f2c44a7b01e7',
        'm 61.929693,89.539995 c 0,0 -6.962207,6.775854 -7.858214,6.171842 -1.89181,-1.275316 -2.656384,-5.728625 -3.170047,-8.898079 -0.307051,-1.89463 -1.788937,7.387713 -2.398667,10.091313 -1.073297,3.301419 -1.034862,6.428349 -0.721467,9.827469 0.283998,3.07449 -1.531301,4.52085 2.491623,4.45588 2.203962,0.093 5.790415,6.58242 6.74077,4.0627 0,0 5.278562,-8.44477 4.916002,-25.711125 z',
        -1, 20, null, 0),
       ('12a9ae17-cce5-47e4-9bf2-ccb19ae98c3a', 'upperAbdominal-2', 'cd8525cc-bccb-4c5e-a6f4-a8310f57c4a9',
        'm 87.390321,106.94924 c -6.409319,1.92207 -10.561958,0.92405 -10.971466,2.42647 -0.705881,2.5898 -1.194285,6.63735 0.119453,7.86701 1.591478,1.48963 10.3935,1.0586 10.608849,-0.13809 0.16901,-0.93918 0.28115,-5.26063 0.243164,-10.15539 z',
        1, 8, null, null),
       ('cb11dff7-a7a2-412a-9c79-c3a15edc4ab5', 'deltoid', '620b7a2a-0b69-44cf-b5ba-dded86ded221',
        'm 69.602435,66.623356 c 0,0 -3.300317,-2.530733 -12.145885,2.668711 -5.649915,3.321032 -7.535427,10.634931 -5.882879,15.843731 1.801428,5.678071 1.134784,5.036526 1.513933,6.696414 0.410876,1.798786 0.926994,4.538416 3.078536,1.759659 1.017033,-1.313509 4.412191,-2.861432 5.284423,-5.521751 4.882432,-14.891473 5.893543,-12.689955 9.195219,-20.61724 z',
        -2, 18, null, 0),
       ('510c516c-f31d-4caa-a9df-02c16bd50f01', 'oblique', '5f267279-5265-4698-8a07-4a8535eacad7',
        'm 75.441287,99.80094 c -0.897924,17.11865 -2.960989,29.29477 2.462501,49.74188 2.399422,9.04606 -4.679991,-8.37254 -9.224786,-9.63079 -0.245672,-0.0681 -3.862683,-4.86191 -1.978658,-13.02386 2.374332,-10.28604 1.162641,-16.96459 -0.312006,-24.374 -0.256265,-1.28765 3.960187,-0.61444 9.052944,-2.71323 z',
        -3, 37, null, 0),
       ('14cd8328-604e-4056-9229-8d7aedcb835a', 'forearm', '100f2fad-6b3c-4516-88c7-1c1b3c735f0d',
        'm 47.485905,111.50642 c -0.536874,0.48026 -3.087391,9.42791 -3.453032,13.90435 -0.435307,5.32886 1.381458,9.4789 1.734394,12.01718 0.58116,4.17943 0.893535,9.52404 3.167398,12.75169 0.852505,1.21008 1.613165,-4.42225 3.296457,-13.31603 1.615136,-8.53373 2.068608,-12.49968 1.68419,-14.18242 -1.830607,-8.01319 -5.814506,-9.67461 -6.429407,-11.17477 z',
        1, 24, null, 0),
       ('a6c687ae-f20b-42a8-a9d7-c424a6119840', 'upperAbdominal-1', 'b2d4636f-3978-41b4-a0a3-15562e68c6c9',
        'm 87.004349,92.467129 c -1.788813,1.948202 -12.706897,1.884492 -12.918458,2.900347 -0.245865,1.180571 -0.614502,1.24232 -0.191309,2.507417 0.258025,0.771341 13.176661,2.503477 13.702716,0.961905 0.462582,-1.355564 -0.150649,-4.78327 -0.592949,-6.369669 z',
        1, 5, null, 0),
       ('36bf0828-d659-4e50-a4f8-a30cb06907be', 'lowerAbdominal-1', '49f56c9e-e284-4d81-801d-ac956e76f12a',
        'm 87.275531,118.38684 c -8.797444,2.57525 -10.367549,-0.12431 -11.487982,0.22733 -0.609436,0.1913 -0.0151,8.06645 0.586822,9.64297 0.338465,0.88648 9.644447,0.94906 10.438575,0.31366 1.025148,-0.82024 0.207588,-5.21801 0.462585,-10.18396 z',
        1, 8, null, 0),
       ('89c95b75-3705-4d0e-bb9a-41fbc0251eb7', 'lowerAbdominal-2', '49f56c9e-e284-4d81-801d-ac956e76f12a',
        'm 76.904412,130.03687 c 1.290353,0.0712 8.848044,-0.41661 9.521198,0.10327 0.78522,0.60643 0.150294,0.84032 1.601053,1.18487 -0.08735,8.87227 0.217358,23.99506 -0.05862,28.45518 -1.522633,-0.54573 -5.521295,-4.20904 -6.513327,-6.75446 -4.329968,-11.11015 -4.602002,-20.397 -4.550346,-22.98885 z',
        0, 18, null, null),
       ('a4c6c22d-7846-4c21-89fb-a71f9bcb241f', 'oblique', 'a71b2274-ecda-4d33-89c3-6408737f89b9',
        'm 71.954121,95.102767 c -0.609724,13.177863 -1.877333,29.411573 8.49242,48.995203 1.125248,2.12507 -12.446907,-11.44814 -16.393367,-13.16802 -1.097504,-0.4783 -1.369836,-3.83245 -0.176949,-12.73194 0.624803,-4.66132 1.150773,-8.9201 0.934515,-14.99037 -0.147732,-4.146749 0.284287,-7.741084 -2.105859,-12.702893 -1.000645,-2.077283 2.140901,3.985068 9.24924,4.59802 z',
        -3, 30, null, 0),
       ('4f1fe5ad-0968-43b4-afe6-772c67a6900f', 'lowerAbdominal-1', 'f8e843a0-6f1a-48a8-9352-860a9c70af17',
        'm 87.512766,111.93523 c -12.393681,0.32984 -12.875497,-1.88972 -14.525343,-1.54163 -0.897399,0.18934 0.274278,7.60777 1.160602,9.16827 0.498392,0.8775 11.414616,2.14557 12.583995,1.51659 1.509549,-0.81191 0.565962,-2.01318 0.941452,-6.9287 z',
        -1, 8, null, 0),
       ('fb988b75-4529-4530-8aeb-3e0309c6a9cf', 'tibialisAnterior', '500e4006-6e75-40d3-b816-5789d2f2fd13',
        'm 69.31745,221.69635 c -3.121407,-3.27781 -5.309061,-8.09587 -5.092271,-6.02806 0.229667,2.19063 -0.691417,14.40088 0.640657,17.4524 4.539028,10.39805 2.906753,18.35471 7.337869,31.17922 0.836626,2.42136 -2.433212,-16.71774 -1.885484,-26.72704 0.587031,-10.72754 -1.148679,-6.46517 -1.000771,-15.87652 z',
        -5, 28, null, 0),
       ('c8294d7a-34a5-4da3-b01c-0604f01f8f0b', 'quadriceps', '82cf3917-e1ac-4479-9c0f-5e3bfb3e0787',
        'm 63.530983,136.0496 c 5.91135,0.89667 13.043617,14.84751 19.026547,18.87901 2.837234,1.91182 3.524715,13.52387 0.127556,25.02106 -3.318827,11.23208 0.412847,21.35962 -5.942226,29.68231 -3.197816,4.18791 -8.717609,-12.93755 -9.175651,-12.46673 -2.978008,3.2421 -3.697001,9.40783 -6.279911,4.49227 -7.847678,-24.86145 -2.38981,-54.39053 2.243685,-65.60792 z',
        0, 53, null, 0),
       ('e2e36069-49e9-444b-9378-e818a81397dd', 'gluts', '82a1ce79-1022-41e9-b948-67b3c5aa080a',
        'm 73.951705,137.4689 c 2.392381,1.07256 4.19634,0.32113 7.287897,5.99546 1.763722,3.23719 4.283857,2.43955 5.765251,5.80648 1.985791,4.51333 1.047398,12.36342 -1.720322,15.5458 -3.269497,3.75933 -7.885928,5.13126 -13.680704,5.0357 -8.210571,-0.13537 -11.270922,-7.9436 -11.629865,-11.90586 -0.427372,-4.71762 2.795316,-4.02434 3.424926,-8.25663 0.687973,-4.62461 -0.773585,-8.45849 0.741225,-11.54353 2.665139,-2.21294 8.573958,-1.13289 9.811592,-0.67742 z',
        -1, 27, null, 0),
       ('d5189747-d4b6-46e4-ae81-3601119dfa6d', 'foot', '2f03a879-e953-443a-a5ab-60bc3ce32194',
        'm 76.550097,273.59068 c 0,0 -2.348818,1.54149 -3.39859,-2.59661 -0.424385,-1.67293 -2.781285,-7.89552 -2.964923,-6.47081 -0.183611,1.42475 -2.196454,5.65101 -3.521883,7.71198 -1.49549,2.32543 -4.624793,2.04119 -4.887626,3.70606 -0.214048,1.35581 -0.396152,2.30795 -0.05794,3.24245 1.682365,4.64866 9.314087,4.26768 11.767591,4.45349 5.384929,0.40783 5.826928,-1.70344 4.701551,-7.45527 -1.018674,-5.20649 0.578711,-3.46337 -1.638155,-2.59129 z',
        0, 8, null, 0),
       ('261ff9c3-bad8-415e-bf37-5d7af90cd37c', 'calf', '14018811-a96e-43a6-acb4-488427a1fe32',
        'm 68.202684,220.94052 c -0.0668,2.35566 -2.036959,10.38762 -2.170529,13.47434 -0.13359,3.08672 2.376091,14.74183 3.924192,15.81171 6.788445,4.69143 6.559981,11.53972 8.217947,7.17506 1.544467,-4.06587 1.266365,-6.61305 2.967699,-8.77322 3.309799,-4.20245 0.994839,-14.16327 0.968959,-22.4609 0.544182,-3.33794 -3.926213,-4.88131 -5.589086,-1.43236 -0.289347,0.60014 -0.715846,0.19012 -2.215235,-1.77184 -3.453248,-6.50084 -4.906441,-6.06292 -6.103947,-2.02279 z',
        -2, 26, null, 0),
       ('69c3137b-c75b-4bfa-b48d-089ecb648a5c', 'bicep', '2cd09388-41e3-47b2-a56c-f2e7ea7eb6f3',
        'm 71.759731,59.593252 c 0,1.086681 -5.122894,6.820811 -10.819566,10.536084 -6.420824,4.187553 -16.332712,7.759853 -17.197917,6.803573 -1.795387,-1.984377 -3.732516,-2.267858 -4.393975,-3.543528 -0.661458,-1.27567 12.902987,-14.059173 13.796132,-14.2686 6.850818,-1.606401 13.796131,1.559152 18.615326,0.472471 z',
        0, 14, null, null),
       ('1ba57dac-ea3a-45a9-8453-e6f03292c969', 'deltoid', '7c045a21-0da9-46fb-93c4-0f728d057cf6',
        'M 85.891203,46.448754 C 85.057263,45.539001 85.663763,44.932498 84.37494,44.401807 83.08613,43.871117 76.457817,40.349947 67.544476,42.96136 58.456914,45.623816 51.589879,57.879644 52.912583,57.820693 66.521002,57.21419 65.436419,60.120534 72.699755,58.199758 81.920173,55.761436 85.891203,47.965014 85.891203,46.448754 Z',
        -4, 14, null, null),
       ('7241e1b6-7291-4b87-9df5-28b37cbe63a9', 'triceps', '0011f007-9dcf-40dc-8f93-239879100588',
        'm 52.15461,56.692543 c -0.734991,1.77066 0.223412,1.736856 -0.267269,2.138156 -8.98694,7.34991 -12.194173,12.96257 -13.563928,13.29666 -1.369759,0.334086 -2.372018,0.200451 -3.574731,0.935443 -1.202714,0.734991 -0.30068,-1.236124 0.601356,-2.572471 0.902034,-1.336347 0.567947,-3.441095 7.182869,-9.655112 2.596328,-2.031295 9.672011,-4.37587 9.621703,-4.142676 z',
        1, 12, null, null),
       ('292de2fb-732c-4346-bdbd-43648d39a238', 'upperAbdominal-2', 'b2d4636f-3978-41b4-a0a3-15562e68c6c9',
        'm 87.323352,100.63879 c -7.375569,1.07053 -14.253002,-1.880822 -14.263054,-1.387752 -0.04661,2.286452 -0.667382,8.780642 -0.03865,9.375132 1.443723,1.36508 13.996622,2.59283 14.268282,1.5734 0.21321,-0.80008 0.03554,-2.36859 -0.01241,-6.53836 z',
        -1, 9, null, null),
       ('ad537775-4877-44cd-b2d6-f76781e1e833', 'Right Calf', 'f4e969b2-5038-43ba-b293-1f858f7ef882',
        'm 117.83361,221.64273 c -2.03204,-1.66531 -3.54711,-10.87193 -20.770587,-3.79054 -7.83508,3.22138 -9.53092,3.27742 -11.50335,3.84376 -1.972432,0.56631 -4.602432,3.05492 -1.309432,3.43592 3.293032,0.38101 18.424629,2.5435 20.656259,2.48387 2.23162,-0.0597 10.08381,2.1202 12.68997,0.19702 2.60616,-1.9232 1.08082,-3.84769 0.23714,-6.17003 z',
        -6, 11, null, null),
       ('a5eb361c-f6c3-4513-a1fd-170e34b50dd2', 'oblique', 'f17582c3-4ff5-497a-923f-63c4949c4c26',
        'm 66.967928,126.27258 c 5.4265,-0.66272 11.76468,0.0847 10.99467,-0.67467 -3.75246,-3.70052 -7.28331,-9.9956 -8.64269,-11.45618 -0.79527,-0.45346 -3.83446,-2.26269 -4.01985,-0.96035 -0.0766,0.5381 0.004,0.9698 0.11271,2.5426 0.26431,3.83441 -0.63708,9.68084 1.55514,10.5486 z',
        -13, 11, null, 0),
       ('0f6bd39b-8f6e-4eeb-a970-929f608d5b51', 'foot', 'e85c7e42-68f6-45a4-98b1-f2b444b8e83d',
        'm 74.548119,267.06132 c -0.288764,2.97008 0.215387,4.03001 0.9525,6.48976 0.240911,0.80389 0.04889,1.32002 -0.308437,1.98301 -0.568609,1.05514 -0.871164,6.66204 0.547253,10.18945 0.647099,1.60923 -0.441027,6.14661 -2.402399,6.41429 -2.013999,0.27486 -2.263238,-1.42835 -2.375477,-1.96618 -0.108916,-0.52166 -0.332713,-0.95238 -0.75339,-0.0568 -0.820398,1.74665 -2.540807,1.878 -3.288281,0.0775 -0.279576,-0.67346 -0.538853,-0.17465 -0.932133,0.30952 -0.586036,0.72145 -1.825437,1.12164 -2.474546,-0.29849 -0.216204,-0.47299 -0.298649,-0.48975 -0.67657,0.0783 -0.534472,0.80332 -2.09536,0.37837 -2.165047,-0.61506 -0.02408,-0.34379 -0.346127,-0.30948 -0.638796,0.13534 -0.391633,0.59518 -1.434999,0.45648 -1.432177,-0.5146 0.0048,-1.19015 -0.259428,-2.82594 0.860561,-4.30178 3.058128,-4.02967 3.758319,-5.69564 3.592539,-7.12838 -0.165767,-1.43272 -0.302064,-0.87555 -0.119046,-3.14989 0.154021,-1.91384 1.820292,-1.91935 2.466895,-5.09516 0.691306,-3.39526 -1.389925,-3.81875 4.586517,-3.9879 3.6089,0.51235 4.603678,0.2825 4.560034,1.43716 z',
        0, 42, null, 0),
       ('5fe60bcb-55d7-4f9d-b8ca-205ef12df16c', 'tibialisAnterior', '36349422-0af4-4500-bbbb-8b2dc38370ea',
        'm 68.687475,211.84813 c -2.78773,-2.92741 -4.741525,-7.23042 -4.54791,-5.38366 0.205116,1.95645 -0.617505,12.86143 0.572171,15.58675 4.053808,9.2865 2.596023,16.3926 6.553455,27.84617 0.747191,2.16252 -2.173103,-14.93062 -1.683927,-23.86993 0.524278,-9.58077 -1.025886,-5.77405 -0.893789,-14.17933 z',
        -4, 25, null, 0),
       ('71680cd1-77ab-4714-9ee7-ab24481ffb4f', 'deltoid', 'ca8938d7-e2ba-4aca-bb6f-2a2ae282cd13',
        'm 89.21016,53.672543 c -0.61153,-0.443574 -0.22309,-0.826999 -1.12932,-1.025214 -0.90623,-0.198216 -5.602077,-1.658484 -11.59052,0.4679 -6.105493,2.167948 -10.264265,9.509358 -9.361015,9.376739 9.29294,-1.364415 7.578091,-0.854851 12.467176,-2.472238 6.206439,-2.053187 9.680999,-5.503025 9.613679,-6.347187 z',
        -2, 8, null, null),
       ('b41e4b6b-7cec-4b7d-b2bf-14835e6157c8', 'triceps', '005736de-08ce-43dc-917c-7725f737d58b',
        'm 62.746107,64.173023 c -0.337493,1.019596 0.55571,0.817505 0.232223,1.11126 -5.924841,5.380223 -7.830387,8.781835 -8.832285,9.212285 -1.001901,0.430449 -1.782539,0.558047 -2.606721,1.154863 -0.824182,0.596815 -0.384591,-0.554421 0.134823,-1.391094 0.519412,-0.836674 0.534674,-0.979868 4.794603,-5.338481 1.723269,-1.508709 6.286377,-4.874122 6.277362,-4.748833 z',
        1, 7, null, null),
       ('d4ec0bf1-0db5-4b23-8a0f-fcc3baec96e5', 'quadriceps', 'd3e4f01a-9a1b-4db0-8c83-d600626b037d',
        'm 64.708049,143.20489 c 5.675704,-0.0695 9.082805,15.29107 15.901401,16.74009 3.50214,0.74426 2.064853,20.7954 1.235908,24.43627 -0.674574,2.96288 -3.236659,15.31704 -5.381497,16.92993 -1.725641,1.29764 -3.743851,-6.58922 -6.543348,-9.29786 -2.230638,-2.15823 -3.31326,3.78821 -5.178044,2.73759 -1.870052,-3.0364 -1.244814,-7.30143 -1.75325,-12.29908 -0.383744,-3.36087 -0.595279,-5.87275 -1.046848,-13.00801 -0.498676,-7.87955 1.956541,-18.06304 2.765678,-26.23893 z',
        0, 42, null, 0),
       ('5cf9dc03-3cea-402f-b652-ff1ae2b4eb95', 'Right Hand', 'dafbc3d1-7094-4358-895d-fcb7b422e3d5',
        'm 64.324902,117.87335 c 0.972217,0.99834 0.53379,1.86633 1.289248,2.8418 0.925411,1.19485 2.304545,2.86755 3.819232,4.04029 0.571398,0.4424 3.158216,4.16271 4.260066,6.46668 0.71267,1.49019 0.888575,2.04802 1.261722,3.39273 0.302185,1.08895 -1.729339,0.62503 -2.856493,-1.24743 -0.794946,-1.3206 -1.871641,-2.08749 -2.891481,-3.15366 -0.604139,-0.63157 -0.805621,2.10924 -0.259955,3.83487 0.610794,1.93155 1.246571,4.19058 1.313687,6.05634 0.06991,1.9435 -0.01922,1.35686 -0.195055,2.13361 -0.203635,0.89936 -1.671717,1.56153 -2.080752,-0.87832 -0.151977,-0.90654 -0.175147,-0.60553 -0.287751,-1.82566 -0.447519,-1.72445 -0.76843,-2.40659 -1.589049,-4.61315 -0.405452,-0.94598 -0.457607,-0.49965 -0.808348,-0.0209 -0.215273,0.29327 0.726577,3.42388 0.954059,5.73579 0.26052,2.64769 0.201811,1.86422 -0.06591,3.72561 -0.124364,0.86482 -1.897724,1.62281 -1.912898,-0.77446 -0.0044,-0.69971 0.05243,-1.47056 -0.395482,-2.98924 -0.811999,-2.75282 -1.367707,-5.69867 -1.584537,-5.92922 -0.354446,-0.37682 -0.133191,-0.22835 -0.369926,0.26288 -0.32143,0.66697 0.04829,3.06594 0.435839,5.67482 0.387526,2.60895 0.366826,1.56083 0.319202,2.55939 -0.08409,1.76339 -1.327366,2.2841 -1.832912,0.0674 -0.255688,-1.12103 -0.08903,-0.21225 -0.752954,-2.45892 -0.665354,-2.25164 -1.249371,-5.09492 -1.525489,-5.67066 -0.09305,-0.19396 0.282531,-0.36612 -0.301402,0.11764 -0.270674,0.22429 -0.09197,1.48905 0.138317,3.78093 0.230332,2.29184 1.032428,2.68339 1.239672,3.51718 0.27103,1.09045 -1.42379,1.39337 -1.954265,0.25215 -0.157744,-0.33938 -0.798231,-0.82915 -1.503276,-3.77181 -0.527774,-2.20278 -0.30368,-2.87773 -0.661827,-3.83578 -0.298244,-0.79784 -0.626779,-3.64764 -0.66547,-4.58318 -0.107743,-2.60592 -0.02204,-3.94168 1.061754,-6.32482 0.811157,-1.7836 0.193561,-4.07948 1.158664,-4.46038 0.965136,-0.38087 3.248386,-4.31513 7.243843,-1.92221 z',
        null, null, null, null),
       ('db2df07e-69ee-4e00-a0bd-aa69e4369410', 'oblique', '045d86e9-3a9c-4d5c-a7d8-c7a6dc9a9f22',
        'm 80.055035,91.729393 c 4.81431,21.184237 -3.197937,36.701847 -0.534841,37.092537 11.013739,1.61586 20.284739,9.02831 20.051879,6.8286 -11.23536,-26.24788 -5.18403,-39.965772 -5.10951,-51.441629 -4.30851,0.241952 -14.834384,5.185232 -14.407528,7.520492 z',
        -9, 44, null, null),
       ('21a9c2de-1f59-4b40-8294-dd890c9c5834', 'Left Foot', '7d9063ac-7bc6-4bab-923e-ce8965f6a78e',
        'm 45.641578,275.73811 c -1.233625,0.93011 -4.871934,3.67318 -3.796376,6.64365 1.443437,3.9867 7.171676,4.75184 9.258948,5.189 2.466146,0.51697 4.166344,0.30787 7.95773,2.94403 2.976861,2.06981 4.476373,5.29273 7.451415,6.41925 3.129295,1.18493 3.890447,-1.06245 5.172793,-1.32085 3.146777,-0.63406 4.662216,-2.10227 4.04198,-2.8039 -0.801229,-0.90635 -3.598393,-0.78705 -5.159439,-1.16063 -1.26408,-0.3025 -2.3112,-2.31338 -4.231928,-4.40435 -2.042961,-2.22404 -5.397924,-3.17667 -6.747036,-6.60267 -1.349157,-3.42601 0.140835,-7.13042 -1.204833,-7.24558 -1.345669,-0.11511 -9.603569,-4.44502 -9.808903,-3.26345 -0.572959,3.75688 -0.280042,3.05367 -2.934306,5.60575 z',
        null, null, null, null),
       ('cc0e52d8-ab57-497f-b0d7-657fe617a561', 'bicep', 'b341d0da-951b-4db3-a238-a3c0f7cb6769',
        'm 78.673491,61.146052 c 0.119811,0.73275 -1.41388,4.751477 -5.901834,8.057492 -5.058457,3.726271 -13.052473,7.695472 -13.901748,7.172277 -1.762329,-1.085682 -2.957856,-0.33635 -3.667178,-1.103551 -0.709322,-0.767201 9.54295,-11.293937 10.28772,-11.560707 5.712718,-2.046242 9.15966,-1.155309 13.18304,-2.565511 z',
        1, 10, null, null),
       ('a86da3d8-4fdc-423a-89a9-9c5206834dc4', 'forearm', '394ff086-6608-427d-8a39-cd66bddb34ea',
        'm 54.068716,81.445437 c -1.055771,0.54339 -1.782905,2.39359 -1.388547,3.961745 0.394359,1.568157 3.546329,7.638131 14.690172,20.482028 1.69427,1.95274 4.310185,1.41708 4.130023,-0.29757 C 71.3202,103.87697 65.963155,94.078286 64.530046,92.122957 63.096931,90.167616 54.901781,81.513824 54.068716,81.445437 Z',
        0, 20, null, null),
       ('907e11b1-5ed1-45d7-99d9-abcad07ed84c', 'Serratus Anterior', '374e0652-aa99-4525-86ed-72a69dffb6e0',
        'm 85.34736,62.523093 c 2.86297,-1.63542 0.43094,1.937913 3.90266,7.892673 2.37894,4.080392 -3.02206,9.887488 -2.47118,12.798929 0.3767,1.990946 -15.766816,-1.534372 -12.205239,-4.977361 5.435348,-5.254372 3.688246,-5.381774 5.876587,-9.101461 2.524584,-4.291224 3.465692,-5.546203 4.897172,-6.61278 z',
        0, 19, null, null),
       ('ba585d8e-306b-4601-9da4-7ed8a771ca8d', 'oblique', 'c2596e18-5ce2-451d-b93d-871a8f3beb96',
        'm 92.3933,92.565419 0.0256,-0.03139 c -7.48177,-0.297465 -10.257893,-4.744405 -10.016469,-2.54699 4.192999,38.164251 -1.068599,40.528921 0.695601,40.762041 7.207838,0.95243 11.899218,6.598 11.761508,4.6478 -7.18612,-23.31319 -5.38231,-28.24955 -2.65521,-41.886519 z',
        -5, 37, null, -1),
       ('6bdb2a32-a78d-45f9-ae10-6b137e9c2808', 'forearm', 'bd320fa5-4655-41cd-bd9f-7d90aeaf4f06',
        'm 40.469926,82.428145 c -1.795389,0.28348 -3.590774,1.98438 -3.590774,3.68527 0,1.70089 4.535714,14.079585 14.363094,24.662895 2.137386,2.3018 5.953124,2.55134 6.3311,0.75596 C 57.951322,109.73688 54.218808,98.114145 52.801398,95.751807 51.383985,93.389455 41.698346,82.711625 40.469926,82.428145 Z',
        0, 25, null, null),
       ('7369774c-a055-4329-bd69-a4c15dcb99cf', 'Left Hand', 'fefac6ab-f0e5-4a3a-8637-9306c28c4f36',
        'm 115.30576,94.599635 c 0.91926,-0.89515 1.71836,-0.49152 2.61656,-1.18698 1.10013,-0.85207 2.64025,-2.1219 3.72001,-3.51652 0.40741,-0.52606 2.45034,-1.61156 4.57168,-2.62605 1.37204,-0.65624 3.43658,-0.41523 4.67466,-0.75873 1.00264,-0.27834 0.87938,1.02641 -0.84476,2.06415 -1.21594,0.73192 -2.39438,0.5897 -3.37592,1.52884 -0.58129,0.55657 1.94201,0.74184 3.53082,0.23933 1.77849,-0.56235 3.85842,-1.14774 5.57636,-1.20963 1.78939,-0.0644 1.2493,0.0177 1.96448,0.17959 0.82808,0.18738 1.43776,1.53922 -0.80892,1.91578 -0.83464,0.14006 -0.55745,0.16166 -1.68096,0.26502 -1.58773,0.41233 -2.2159,0.70742 -4.2475,1.46309 -0.87091,0.37354 -0.45977,0.42161 -0.0196,0.74425 0.26955,0.19891 3.1549,-0.64483 5.28113,-0.8784 1.01907,-0.11196 0.51472,-0.2853 2.2373,-0.10994 1.02545,0.10444 1.2717,1.06182 -0.0837,1.82022 -0.56226,0.314588 -0.79045,0.0633 -2.18883,0.475668 -2.53464,0.747524 -5.24691,1.259284 -5.45922,1.458911 -0.34637,0.32695 -0.20942,0.12425 0.24225,0.340517 0.61396,0.29611 2.82288,-0.0445 5.22495,-0.401347 2.4022,-0.356797 1.43651,-0.264297 2.35657,-0.293827 1.06006,-0.0341 1.61332,1.094784 0.0621,1.687601 -0.98897,0.377927 -0.1954,0.0822 -2.26417,0.692984 -2.0731,0.612587 -4.69101,1.150244 -5.22114,1.404564 -0.17779,0.0871 -0.33723,-0.26001 0.1091,0.277184 0.20639,0.2493 1.37104,0.0847 3.48124,-0.12743 2.11023,-0.212014 1.91645,-0.292864 2.68416,-0.483734 1.00398,-0.249597 1.2963,1.192414 0.24532,1.680914 -0.31283,0.14434 -0.2225,0.19585 -2.93215,0.84438 -2.02812,0.48619 -2.64962,0.27971 -3.53172,0.60945 -0.73465,0.27435 -3.35852,0.57702 -4.21983,0.61265 -2.39944,0.0992 -3.62934,0.0203 -5.8237,-0.97697 -1.64226,-0.74682 -3.75615,-0.17821 -4.10683,-1.0668 -0.35067,-0.88861 -3.97311,-2.990835 -1.76982,-6.669645 z',
        null, null, null, null),
       ('1ee7e4ea-317f-4839-bcaa-deb5416a3dd9', 'Serratus Anterior', '1dfc90cd-ec75-4c6a-9ac4-0c6a059082f6',
        'm 83.905002,53.914886 c 3.590781,-2.173364 0.54049,2.575358 4.894791,10.48884 2.9837,5.422569 -3.79032,13.139814 -3.09941,17.008927 0.47247,2.645834 -19.775031,-2.039079 -15.308031,-6.614582 6.81712,-6.982712 4.62587,-7.152022 7.37053,-12.095238 3.16638,-5.702751 4.34673,-7.370536 6.14212,-8.787947 z',
        0, 23, null, null),
       ('881b750a-e880-4d58-8a1e-de2dbd3ae2be', 'gluts', '4e3e745f-8f9b-44df-95c7-ae9347fba521',
        'm 89.56249,134.33154 c -0.81408,5.4327 -6.626861,17.78147 -3.04815,28.12886 1.4418,3.13768 -10.249188,-2.81852 -10.736681,-11.65411 -0.716071,-12.97847 2.570571,-14.77718 6.241342,-18.934 1.556606,-1.07445 6.815609,1.97897 7.543489,2.45925 z',
        -4, 25, null, null),
       ('0ffca8de-29f7-42d1-944c-108f9fa84907', 'Outer Thigh', 'c1cdade0-aab4-47d8-b65f-3b1d8ef0204a',
        'm 96.63917,174.68329 c 1.14547,1.6039 4.55299,10.92726 6.31474,17.02212 1.76176,6.09485 2.56559,8.80159 2.75649,4.48701 0.1909,-4.31461 0.11665,-6.8539 -1.00484,-10.72256 -1.33665,-4.61084 -0.75538,-2.21882 -1.98481,-6.16172 -1.37049,-4.39532 -5.92747,-18.96765 -6.06477,-21.62434 -0.0489,-0.94681 -3.68226,-19.93802 -5.24341,-20.25577 -3.65367,15.21168 2.98168,30.67717 5.2266,37.25526 z',
        -39, 46, null, null),
       ('75e9e31f-d170-4318-a53d-003beca30617', 'Inner Thigh', '65f90cf1-393e-4c6e-8a0a-03b162b98bef',
        'm 83.523192,168.11709 c 1.492338,-2.52693 2.435458,-0.46721 4.400008,0.0865 5.5603,1.56717 2.69631,4.89332 2.3714,7.837 -0.32314,2.92757 -1.94768,8.60682 -7.747253,20.5798 -1.735844,3.58358 -0.208146,2.59385 -2.816906,7.7417 -2.608746,5.14784 -4.775888,9.5483 -4.268274,4.68999 0.507619,-4.85832 -3.304849,1.65247 -2.313189,-2.24649 0.991609,-3.89892 2.615857,-13.01296 5.73908,-23.19104 3.123244,-10.17812 3.298854,-13.43215 4.635134,-15.49745 z',
        -3, 34, null, null),
       ('31d95a6d-6e3a-4746-85ce-e99bb2dde97e', 'Left Calf', 'd0e51e21-de81-4bf5-b15c-4de798d8f2fd',
        'm 67.431626,224.31128 c -2.046032,1.53431 -12.458254,8.72477 -11.427859,20.19139 0.738031,8.21312 0.906709,11.23842 0.984076,13.23446 0.07741,1.99609 3.892178,2.75904 5.016932,-0.26535 1.124848,-3.02446 7.609859,-17.42996 8.071662,-19.5534 0.461792,-2.12343 4.345658,-9.04 3.132728,-11.9502 -1.212896,-2.91019 -3.386321,-1.91514 -5.777537,-1.65683 z',
        -1, 29, null, null),
       ('ad5cddb0-0c4e-4d9a-a8e7-bec5f817b4ce', 'Right Calf', 'c874b6a4-645c-4dcd-98fd-7eedb03153c1',
        'm 109.77919,209.73168 c -2.12254,-0.5013 -5.74593,-6.31538 -18.30538,3.91351 -5.71339,4.65322 -7.11429,5.22241 -8.615272,6.22673 -1.500999,1.00432 -3.058225,3.52748 -0.21242,2.75679 2.845842,-0.7707 16.028032,-4.03086 17.875172,-4.77023 1.84708,-0.73946 8.95872,-1.70872 10.64091,-3.83824 1.68221,-2.1295 -0.0839,-2.96646 -1.38301,-4.28856 z',
        -1, 10, null, null),
       ('b0140f42-3621-480d-9528-6935594e4228', 'Left Calf', '53f2e25a-fbbb-4220-ad60-a7eb0cabd0d9',
        'm 69.65795,215.34791 c -1.756832,1.32025 -10.618247,7.42645 -11.300474,18.90015 -0.488655,8.21819 -0.747337,11.2352 -0.943883,13.22243 -0.196516,1.98728 2.615116,3.11952 3.860112,0.23075 1.245077,-2.88883 8.035151,-16.53733 8.659204,-18.59783 0.624043,-2.06049 4.471571,-8.53777 3.919124,-11.54344 -0.552423,-3.00565 -2.33737,-2.23276 -4.194091,-2.21199 z',
        -1, 26, null, 0),
       ('947bbb42-9dc9-4e67-ba92-981af64d48c7', 'Right Foot', 'ed0b4015-7807-45df-933e-54d515b5ae2b',
        'm 53.192837,224.91491 c -1.09445,-0.58156 -4.322158,-2.29675 -6.117135,-0.50779 -2.409084,2.40098 -1.023379,6.82495 -0.633648,8.49066 0.46049,1.96814 0.212098,4.69265 0.278423,6.50993 0.06632,1.81727 -1.077653,5.13545 -0.792577,7.67135 0.285045,2.53594 1.435533,3.60605 1.065968,4.40034 -0.959084,2.0613 -0.470438,4.08138 0.248259,3.86265 0.718665,-0.21871 1.138592,-0.28377 1.234793,-1.05119 0.09621,-0.76744 3.522994,-7.10303 3.795349,-9.51026 0.272358,-2.4072 0.05097,-5.92051 2.084373,-8.06282 2.033402,-2.14235 5.231746,-2.31496 4.859243,-3.33232 -0.372492,-1.01736 -0.02413,-8.48897 -0.952746,-8.23768 -2.925591,0.8571 -2.315026,0.83164 -5.070302,-0.23287 z',
        null, null, null, 1),
       ('817e108c-6fd0-40d5-8f7d-0fcb697e224a', 'Left Foot', '077f8eee-d7c8-4bc5-bd38-db217742072d',
        'm 46.994303,267.85714 c -1.052785,0.79376 -4.157745,3.13472 -3.239856,5.66974 1.23184,3.40228 6.120363,4.05526 7.901656,4.42833 2.104628,0.44119 3.55559,0.26274 6.791187,2.51246 2.540476,1.76639 3.820171,4.51686 6.359094,5.47824 2.670564,1.01123 3.320137,-0.90671 4.414501,-1.12723 2.685483,-0.54111 3.97877,-1.79409 3.449456,-2.39287 -0.683775,-0.77348 -3.070895,-0.67167 -4.403104,-0.99049 -1.078775,-0.25815 -1.972395,-1.97425 -3.611559,-3.7587 -1.743479,-1.89801 -4.606629,-2.711 -5.757972,-5.63477 -1.151381,-2.92378 0.12019,-6.08515 -1.028213,-6.18343 -1.148405,-0.0982 -8.195759,-3.79342 -8.370993,-2.78506 -0.488967,3.20615 -0.238989,2.60603 -2.504158,4.78399 z',
        null, null, null, null),
       ('3ef0b00b-dbf4-4e94-a11d-50efda05b4e2', 'gluts', '6307dc9b-db81-4bac-8fef-e1fefd6f22bc',
        'm 79.316288,130.65278 c 2.709013,-0.0693 4.721668,-0.26828 10.099235,3.05678 -3.83671,10.03724 -6.576103,15.83543 -1.28019,29.60273 2.28935,3.41128 -9.916671,4.53111 -13.889569,-6.93528 -2.040385,-5.88885 -3.158019,-11.17103 -1.034227,-16.53377 1.846462,-4.66246 3.019258,-7.82201 6.104751,-9.19046 z',
        0, 30, null, null),
       ('44dc22f1-a260-4ae7-aa00-9f8823294614', 'Outer Thigh', 'fe5accb8-78e6-498c-ab0b-75fa49cf2ec6',
        'm 92.076233,142.21991 c 4.8307,12.33473 4.52366,10.56971 7.52776,18.08559 1.901307,6.66344 2.133897,7.32009 3.246457,12.60266 1.61294,7.65838 4.91206,14.15382 6.64931,21.3701 1.73726,7.21628 7.48356,21.38156 8.28536,16.43708 0.80181,-4.94449 -0.68764,-6.91034 -1.65944,-13.13189 -0.76084,-4.87096 -10.79954,-34.93437 -12.53679,-38.1416 -1.73725,-3.20724 -4.474317,-8.0718 -6.478827,-13.01629 -1.15586,-2.85112 -2.89567,-4.47292 -5.03383,-4.20565 z',
        0, 50, null, null),
       ('69e8edad-8f57-4076-9f2c-2ef092adbb52', 'Inner Thigh', '860b9716-b7e1-4586-a123-9c4d123bcc26',
        'm 83.224693,168.87887 c 6.31425,5.31199 9.53606,7.42919 11.00605,6.76102 1.46998,-0.66818 -2.08593,15.08827 -8.9013,26.98177 -1.744012,3.04347 -0.13363,2.00451 -3.207239,5.74628 -3.073599,3.74178 -7.070364,10.86472 -6.669459,7.12294 0.400905,-3.74177 -4.142678,0.93545 -3.0736,-2.00452 1.069078,-2.93996 4.1304,-13.80467 7.604903,-21.42185 3.474504,-7.61718 1.637026,-21.71565 3.240645,-23.18564 z',
        -1, 38, null, null),
       ('bfa66590-16c7-47a1-9629-ce79fc39c482', 'Right Foot', 'fa15303b-fe4b-4824-9247-2373c502bc25',
        'm 50.37113,219.37978 c -1.331843,-0.70771 -5.259659,-2.79493 -7.443977,-0.61794 -2.931627,2.92177 -1.245355,8.30532 -0.771089,10.33233 0.560372,2.39505 0.258103,5.71052 0.338814,7.92198 0.0807,2.21144 -1.311402,6.24935 -0.964491,9.3353 0.346873,3.086 1.746908,4.38823 1.297182,5.3548 -1.167115,2.50841 -0.572479,4.96666 0.302108,4.70049 0.874548,-0.26615 1.385559,-0.34533 1.502627,-1.27921 0.117074,-0.9339 4.287151,-8.64371 4.618581,-11.57308 0.331434,-2.92934 0.06203,-7.2047 2.536486,-9.8117 2.474459,-2.60703 6.366542,-2.81708 5.913241,-4.05511 -0.453288,-1.23804 -0.02936,-10.33028 -1.159403,-10.02449 -3.560168,1.04301 -2.817168,1.01203 -6.170079,-0.28337 z',
        null, null, null, null),
       ('b56fefb2-6063-4353-8627-a9ea673c5dc0', 'hand', '103dec9f-b083-4fdb-a2c9-799854a62ba1',
        'm 32.867672,141.06191 c -0.884499,1.13257 -0.337617,1.97307 -1.002498,3.05784 -0.814451,1.32876 -4.043028,4.17207 -5.464018,5.54435 -0.536051,0.51768 -1.938203,3.34333 -2.828388,5.5091 -0.951189,2.31417 -0.993699,5.76861 0.07443,5.8464 1.101512,0.0803 1.929726,-1.47741 2.628112,-4.03582 0.418576,-1.5334 0.720775,-2.53229 2.006676,-3.00631 0.845668,-0.31172 0.516732,0.53738 0.891204,4.86949 0.179915,2.08134 0.0019,3.50136 -0.149277,5.42069 -0.157671,2.00256 -0.359222,3.0736 -0.260831,3.88895 0.575785,4.77138 1.90714,3.48971 2.379456,-0.014 0.126637,-0.93937 0.70683,-2.65656 0.700385,-4.49729 -0.110491,-0.74431 0.517482,-2.55323 1.110908,-4.90732 0.309406,-1.01523 0.412997,-0.5635 0.826213,-0.11271 0.253608,0.27643 -0.360341,3.59138 -0.333919,5.98682 0.03024,2.74336 -0.373399,3.92538 -0.289472,5.27271 0.184076,2.95482 2.014425,3.10332 2.238339,-0.70641 0.04235,-0.72034 -0.0138,-2.11697 0.480874,-4.87143 0.523157,-2.91313 0.762116,-5.99524 0.958501,-6.25591 0.321014,-0.42611 0.110884,-0.24903 0.408719,0.22793 0.404396,0.6476 0.294768,3.14825 0.190457,5.86613 -0.104305,2.71789 -0.279017,3.58826 -0.119982,4.60682 0.307357,1.96887 1.771369,2.022 2.040697,-0.3069 0.136217,-1.17788 -0.0067,-2.00455 0.421683,-4.38215 0.429207,-2.38286 0.708608,-5.36304 0.927005,-5.98424 0.07362,-0.20923 -0.330743,-0.34359 0.322178,0.0867 0.302643,0.19951 0.261532,1.51608 0.282761,3.8913 0.02125,2.37522 -0.312947,4.23574 -0.018,5.07118 0.386798,1.09558 1.546531,0.75635 1.531083,-0.83186 -0.0037,-0.38591 0.367854,-1.39523 0.76017,-4.49089 0.293657,-2.31733 -0.01184,-2.98401 0.247707,-4.00631 0.216139,-0.85136 0.232897,-3.80961 0.167514,-4.77293 -0.182157,-2.68334 -0.420017,-4.04304 -1.798608,-6.36425 -1.031788,-1.73728 -0.656482,-4.16013 -1.688594,-4.4422 -1.032124,-0.28206 -3.814439,-4.05864 -7.641426,-1.15703 z',
        1, 20, null, 0),
       ('083ac652-8a3c-4e37-b9f8-0007af671449', 'foot', '4b95fcb1-cccd-4194-8cac-5c171b2b8d7e',
        'm 75.23622,267.96538 c -0.27287,2.8066 0.20353,3.80818 0.90007,6.13253 0.22765,0.75964 0.0462,1.24737 -0.29146,1.87386 -0.53731,0.99706 -0.82321,6.29533 0.51713,9.62858 0.61148,1.52065 -0.41675,5.80827 -2.27016,6.06122 -1.90314,0.25973 -2.13866,-1.34973 -2.24472,-1.85795 -0.10292,-0.49295 -0.3144,-0.89996 -0.71192,-0.0536 -0.77524,1.65051 -2.40095,1.77463 -3.10728,0.0732 -0.26418,-0.63639 -0.50919,-0.16503 -0.88082,0.29249 -0.55378,0.68174 -1.72496,1.0599 -2.33834,-0.28206 -0.2043,-0.44696 -0.28221,-0.46279 -0.63933,0.074 -0.50505,0.7591 -1.98002,0.35753 -2.04587,-0.58121 -0.0228,-0.32487 -0.32707,-0.29245 -0.60364,0.12788 -0.37007,0.56243 -1.356,0.43136 -1.35334,-0.48626 0.004,-1.12465 -0.24515,-2.6704 0.8132,-4.06499 2.88979,-3.80788 3.55144,-5.38214 3.39478,-6.73601 -0.15664,-1.35387 -0.28543,-0.82736 -0.11249,-2.97651 0.14554,-1.8085 1.72009,-1.8137 2.33111,-4.8147 0.65325,-3.20837 -1.31342,-3.60854 4.33405,-3.76839 3.41025,0.48416 4.35027,0.26696 4.30903,1.35806 z',
        null, null, null, null),
       ('9a1d4450-5d09-4041-935d-6741d15ac540', 'sunglasses', '125317a6-a3b3-41eb-ab57-36c611704fe9',
        'm 108.85387,17.668305 c -0.031,0.385282 -0.72441,6.607299 -0.76122,6.773697 -0.0258,0.118031 -0.43933,0.06117 -0.47205,-0.06854 -0.0613,-0.243115 0.0516,-3.026459 0.22864,-5.041453 0,0 -11.054427,0.358462 -11.497417,0.408096 -0.44291,0.04964 -4.32786,-0.322828 -4.56452,1.590654 -0.0854,0.69363 -1.21554,2.003375 -1.41849,2.013523 -0.20297,0.01015 -0.23532,-1.599504 0.67007,-2.739121 0.90538,-1.139605 2.49343,-1.493969 3.91485,-1.716266 1.71673,-0.268475 13.324967,-1.090431 13.324967,-1.090431 0.0872,-0.208361 0.24798,-0.315252 0.57503,-0.130158 z',
        null, null, 'black', 1),
       ('93a7c548-cd31-4b2f-b3df-f678dd1260a3', 'hair', '125317a6-a3b3-41eb-ab57-36c611704fe9',
        'm 105.74933,9.3012008 c 0.15892,0.5030129 0.598,0.9668852 -0.58317,1.2503672 -1.18118,0.283482 -5.433407,0.377976 -6.142117,0.94494 -0.7087,0.566965 -0.8285,3.120196 -1.18117,3.543528 -1.39121,1.669943 -3.3073,2.740327 -4.67746,2.315104 -1.18445,-0.367587 -3.30887,0.38849 -5.25588,2.79568 -1.33168,1.646432 -1.987,2.929383 -3.211729,6.851226 -0.66082,2.116094 -1.711951,2.265076 -2.351955,1.172662 -0.510566,-0.871479 -1.84542,-4.031557 -2.456845,-7.984747 -0.590805,-3.819868 -0.622047,-7.766563 0.188986,-10.08724 0.991644,-2.8374717 3.74151,-5.6277771 6.472843,-6.9925593 4.57028,-2.28365893 10.47104,-0.4493242 12.54408,0.3307293 3.648697,1.3729464 6.229197,4.6791341 6.654417,5.8603098 z',
        null, null, 'black', 2),
       ('e2cec062-5a7d-4490-acbd-b0fc30c86404', 'pectoralis', '9451cde2-c32f-489a-b9a0-c5f583819d0e',
        'm 86.997114,63.935447 c 0,0 -3.013326,-2.28438 -7.637866,-1.571471 -3.00495,0.463236 -3.983528,-2.304891 -7.544721,-0.748647 -2.752521,1.202854 -11.292728,8.418212 -10.975355,14.300008 0.501588,9.295814 1.464477,12.596628 4.943652,15.211081 3.530344,2.652905 20.436455,2.3739 20.583778,-1.89728 0.280987,-8.146377 -0.199323,-19.443819 0.630512,-25.293691 z',
        -2, 24, null, 0),
       ('43400398-4123-4d86-b2ec-dd8d5ce426df', 'lowerAbdominal-2', 'f8e843a0-6f1a-48a8-9352-860a9c70af17',
        'm 73.438597,121.45913 c 1.627701,0.0606 8.271033,0.47127 9.120173,0.91418 0.99051,0.51661 2.788403,0.0983 4.618443,0.39178 -0.11006,7.55814 0.568225,25.36336 0.442481,30.92555 -6.578628,-5.19537 -14.266392,-29.34122 -14.181097,-32.23151 z',
        0, 19, null, null),
       ('40fd00c5-ee30-4f8f-925c-ec31f0940194', 'deltoid', '21b826d4-91df-4ffb-b595-a1c6e3457836',
        'm 72.052736,60.319186 c 0,0 -7.368672,-4.544587 -15.350139,-2.600458 -2.33849,0.56961 -7.292378,4.240872 -8.804137,6.778643 -3.063024,5.141859 -0.774894,11.130973 -0.602534,14.321197 0.201963,3.738158 0.07296,6.340784 1.303973,5.680947 3.699683,-1.983068 4.899936,-5.381275 8.2958,-7.986325 2.351265,-1.803712 4.274406,-11.722958 15.157037,-16.194004 z',
        -3, 15, null, 0),
       ('6a32736e-1899-49f2-92d3-d27e424ecb8d', 'hand', '0c6df799-3157-4995-a123-724ca5586718',
        'm 43.037128,140.92436 c 0.97912,0.74132 0.71189,1.55557 1.49914,2.30561 0.96433,0.91874 4.25503,2.5586 5.72988,3.38016 0.55637,0.30994 2.22236,2.51261 3.43294,4.10605 1.29355,1.70264 2.25505,5.10205 1.36545,4.88684 -0.71937,-0.17356 -1.64312,-0.79042 -2.29664,-2.64404 -0.27336,-0.77533 -2.22752,-1.63839 -2.99755,-1.94188 -0.7166,-0.28246 -0.41984,0.12577 0.22165,3.78605 0.3082,1.75858 0.76693,2.89238 1.31301,4.44448 0.56975,1.61944 1.08206,2.1238 1.23509,2.80877 0.69347,3.10383 -0.79635,2.91387 -1.9684,0.51065 -0.35509,-0.7281 -1.33299,-1.69299 -1.73166,-3.21477 -0.0721,-0.639 -0.98779,-1.99527 -1.9946,-3.8094 -0.47838,-0.77063 -0.46479,-0.37479 -0.70715,0.0882 -0.14881,0.28399 1.08584,2.88725 1.58976,4.87157 0.57712,2.27252 1.11235,2.40972 1.32166,3.54426 0.35686,1.93425 -0.52898,2.83235 -1.76302,0.30892 -0.27092,-0.55399 -0.61935,-1.40546 -1.63247,-3.57197 -1.07146,-2.2913 -1.94528,-4.78451 -2.1647,-4.95673 -0.35867,-0.28148 -0.14624,-0.18135 -0.28756,0.27796 -0.19188,0.62365 0.4475,2.66501 1.13017,4.88696 0.68266,2.22198 1.28314,2.55163 1.27631,3.43261 -0.009,1.12299 -0.86192,1.63969 -1.75288,0.19441 -0.53176,-0.86263 -0.60062,-1.31103 -1.47619,-3.18082 -0.87749,-1.87395 -1.76234,-4.27411 -2.07906,-4.73927 -0.10673,-0.15666 0.19776,-0.35638 -0.24706,0.1424 -0.20618,0.23121 0.11673,1.30963 0.6205,3.27611 0.50375,1.96649 1.15503,3.09422 1.294,3.83852 0.15197,0.81386 -0.77167,0.9531 -1.44718,-0.35106 -0.15169,-0.29286 -0.77617,-0.72556 -1.77962,-3.19634 -0.75115,-1.84956 -0.64515,-2.46725 -1.08389,-3.25468 -0.36538,-0.65573 -1.02848,-3.09543 -1.18591,-3.90545 -0.43845,-2.2563 -0.54043,-3.43156 0.0888,-5.65132 0.47092,-1.66139 -0.37083,-3.58019 0.41975,-4.03967 0.79058,-0.45952 2.25978,-4.18946 6.05753,-2.63279 z',
        -10, 18, null, 0),
       ('a48a8b04-598f-44af-89d8-e6e8c276718e', 'heart', '39465528-1287-4178-a9cf-32c38b1d0c4a',
        'm 91.846063,64.46015 c 0.25855,1.235571 1.38164,2.552171 1.40193,2.951619 0.0203,0.399447 -0.56841,2.764778 1.23798,4.619279 1.80636,1.854509 4.96716,4.086909 6.569507,3.474608 1.6024,-0.612314 3.66991,-6.157601 2.886,-9.456715 -0.485,-2.041738 -2.50357,-3.134268 -2.77076,-3.868952 -0.20216,-0.556086 0.90322,0.01506 0.91737,-0.453268 0.004,-0.149949 -0.41344,-0.930014 -0.46397,-1.032306 -0.0983,-0.192686 -0.59587,0.516726 -1.0446,0.363985 -0.44875,-0.152714 0.9587,-1.08482 1.18115,-1.179368 0.22257,-0.09426 -0.45013,-0.944683 -0.35992,-1.311376 0.0871,-0.35417 -1.0437,1.382166 -1.20845,1.460272 -0.0436,0.01968 -0.311227,-0.881564 -0.247947,-1.048012 0.175627,-0.45873 1.001657,-1.38936 0.950437,-1.759683 -0.0604,-0.438277 -1.040557,-1.73879 -1.054147,-2.298497 -0.0118,-0.468138 -0.85695,2.329013 -1.03294,1.979992 -0.49672,-0.984844 -0.46303,-1.267936 -0.96571,-1.622904 -0.35591,-0.251415 -0.54407,-0.510993 -1.39367,-0.546305 -0.51013,-0.02118 0.085,-2.437711 0.0521,-2.553026 -0.0328,-0.115518 -1.08452,0.37947 -1.38525,0.527468 -0.30079,0.147952 0.25798,2.229917 0.0796,2.400999 -0.12001,0.115049 -0.42422,0.473067 -0.52459,0.403616 -0.41461,-0.286924 -0.22577,-1.990646 -0.45088,-2.751363 -0.037,-0.131385 -0.93456,0.709004 -1.12602,0.752526 -0.11137,0.02535 0.99596,2.548687 0.93476,2.643254 -0.0615,0.09466 -0.0948,0.247428 -0.20395,0.135235 -0.2778,-0.285627 -1.13946,-1.537193 -1.33683,-1.496654 -0.32583,0.06705 -1.42857,0.535436 -1.16354,0.805434 0.42703,0.434908 1.09387,0.693951 1.90266,1.610908 0.0658,0.07509 -0.61557,1.91614 -0.49768,2.929543 0.0149,0.132143 -0.65648,-2.226575 -0.81813,-1.82787 -0.15006,0.369661 -1.39637,1.916508 -1.27287,2.233993 0.12095,0.318461 1.32943,1.086897 1.33983,1.234921 -0.3071,0.992278 -0.32285,1.495247 -0.13179,2.678774 z',
        -11, 17, null, null),
       ('f59097ba-ec8a-43c2-950c-cf76066cea87', 'hair', '0c823802-e027-439f-95f3-a4192ed45c74',
        'm 102.26602,23.876016 c -0.86863,0.567948 -3.0736,2.973374 -3.60814,3.641548 -0.53454,0.668174 -5.03488,1.239637 -5.44561,1.737252 -0.43431,0.526186 -2.40543,-1.060727 -3.50792,0.442664 -1.10249,1.503391 -1.1693,2.163214 -1.20271,3.800238 -0.0334,1.637028 -1.47834,4.159383 -1.84583,4.961192 -0.3675,0.801809 -3.120747,-5.091043 -3.700013,-7.099348 -0.81741,-2.83392 -0.73638,-5.153304 -0.34318,-7.035106 0.35648,-1.706058 1.782393,-4.25937 2.289163,-4.788559 0,0 -0.598,-0.999017 -1.578497,-1.406175 -1.004536,-0.417145 -3.676916,-0.788953 -5.504326,-0.01482 -1.10957,0.47004 -2.17353,6.365831 -2.34057,7.66877 -0.16704,1.302939 -2.283641,7.59261 -8.508535,10.339765 -4.393686,1.93901 -10.596763,-5.028976 -11.749565,-5.58112 -0.640592,-0.306817 -8.9804,-8.06814 -1.00226,-6.155305 7.76174,1.86095 7.66304,6.148299 11.8041,3.47636 3.983056,-3.421222 7.76363,-15.109435 12.18959,-15.012222 4.37933,0.266286 8.024653,4.296284 8.652863,5.078122 0,0 2.20413,-1.70085 5.09482,-1.586912 3.64919,0.183923 5.8585,0.683233 8.35217,2.73951 1.97977,1.563835 3.57913,3.756648 3.95081,4.289846 0.5086,0.729632 -0.93386,-0.238377 -1.99636,0.504302 z',
        null, null, 'black', 2),
       ('3f6fdef9-68fd-46dd-bcee-82115306a06c', 'Right Hand', 'c43f8689-9fc8-4278-9d3b-d007f5c5e922',
        'm 76.432923,110.57237 c 0.869957,0.69967 0.605458,1.43244 1.300818,2.13492 0.851784,0.86048 2.110726,2.05697 3.428988,2.84273 0.497297,0.2964 2.915181,3.00414 4.014821,4.72954 0.71124,1.11595 0.90522,1.54251 1.33235,2.57571 0.3459,0.83668 -1.31465,0.66474 -2.39257,-0.71504 -0.760226,-0.97312 -1.690824,-1.47859 -2.605227,-2.22758 -0.541677,-0.44367 -0.436151,1.75549 0.165109,3.07488 0.673017,1.47683 1.397657,3.21167 1.631937,4.6889 0.244044,1.53879 0.116278,1.08091 0.05176,1.71566 -0.07474,0.73496 -1.17802,1.4039 -1.739875,-0.49672 -0.208759,-0.70619 -0.198001,-0.46456 -0.405855,-1.42395 -0.523094,-1.32797 -0.844439,-1.83932 -1.710985,-3.51451 -0.414161,-0.71298 -0.412357,-0.35298 -0.644872,0.0617 -0.142759,0.25409 0.909796,2.65239 1.314868,4.46887 0.463902,2.0803 0.341218,1.46295 0.308828,2.96916 -0.01504,0.6998 -1.351807,1.47455 -1.596318,-0.43041 -0.07132,-0.55602 -0.100896,-1.17453 -0.604346,-2.33883 -0.912661,-2.11045 -1.640221,-4.39925 -1.835007,-4.56156 -0.318409,-0.26529 -0.128063,-0.16868 -0.268695,0.24493 -0.190945,0.56157 0.335686,2.43349 0.896841,4.47062 0.561145,2.03719 0.44306,1.20568 0.502012,2.0044 0.104106,1.41048 -0.834114,1.94512 -1.451087,0.2313 -0.312033,-0.86671 -0.09138,-0.16015 -0.837207,-1.88244 -0.747441,-1.72609 -1.48757,-3.93058 -1.762978,-4.36167 -0.09281,-0.14522 0.189183,-0.31854 -0.228293,0.12271 -0.193503,0.20462 0.07124,1.19308 0.476604,2.99337 0.405368,1.80025 1.081221,2.03385 1.326876,2.67682 0.321268,0.8409 -0.997159,1.24613 -1.52967,0.39003 -0.158348,-0.25459 -0.715185,-0.58197 -1.561198,-2.85376 -0.633295,-1.70058 -0.520511,-2.25906 -0.89824,-2.98622 -0.314536,-0.60556 -0.852125,-2.84 -0.973606,-3.58023 -0.338361,-2.06191 -0.399722,-3.13247 0.231091,-5.13275 0.472128,-1.49705 -0.241625,-3.26296 0.488936,-3.65945 0.730594,-0.39645 2.164866,-3.74656 5.574264,-2.231 z',
        null, null, null, 0),
       ('ef9e5ede-f81a-4f85-a7f9-36055e5d38d5', 'Trapezius', 'd8f751a2-82f7-4b43-bde7-55b9a9c6ad53',
        'm 72.735508,62.686926 c 3.246297,-0.682023 4.079573,-5.422072 5.617157,-6.148332 0.305563,6.198631 -0.388422,7.017819 0.197713,8.756568 -5.664847,1.680501 -5.360828,0.167403 -10.299584,0.293893 0.807685,-1.206722 1.558393,-1.817723 4.484714,-2.902129 z',
        -5, 7, null, 0),
       ('6bbb03a5-b4e5-45af-b5eb-f91da3b0a9f1', 'Left Hand', 'a887df26-7e74-4b41-8f4a-21ad964e3ce2',
        'm 111.65429,89.68205 c 0.72995,-0.710799 1.36448,-0.390294 2.0777,-0.942528 0.87356,-0.676591 2.09651,-1.684907 2.95389,-2.792313 0.32351,-0.417721 1.94571,-1.279669 3.63017,-2.08523 1.08948,-0.521091 2.72884,-0.329716 3.71194,-0.602474 0.79616,-0.221018 0.69828,0.815027 -0.67078,1.63905 -0.96553,0.581185 -1.90127,0.468255 -2.68067,1.213984 -0.46158,0.441948 1.54206,0.589063 2.80367,0.190042 1.41222,-0.446538 3.0638,-0.91137 4.42794,-0.960514 1.42087,-0.05114 0.99201,0.01405 1.5599,0.142604 0.65755,0.148791 1.14167,1.222227 -0.64232,1.521237 -0.66275,0.111215 -0.44265,0.128367 -1.33478,0.21044 -1.26075,0.327413 -1.75955,0.561731 -3.37275,1.161775 -0.69155,0.296612 -0.36508,0.334782 -0.0156,0.590976 0.21403,0.157946 2.50516,-0.512031 4.19351,-0.697498 0.8092,-0.0889 0.40871,-0.226544 1.77654,-0.0873 0.81426,0.08293 1.0098,0.843145 -0.0665,1.445356 -0.44647,0.249801 -0.62767,0.05026 -1.73806,0.377707 -2.01264,0.593576 -4.16634,0.999942 -4.33492,1.158457 -0.27504,0.259617 -0.16629,0.09866 0.19236,0.27039 0.48752,0.235127 2.24152,-0.03534 4.1489,-0.318692 1.90748,-0.283317 1.14067,-0.209867 1.87125,-0.233315 0.84174,-0.02708 1.28106,0.869319 0.0493,1.340049 -0.7853,0.300095 -0.15516,0.06527 -1.79788,0.550268 -1.64616,0.486428 -3.72492,0.913358 -4.14588,1.115302 -0.14117,0.06916 -0.26777,-0.206462 0.0866,0.220102 0.16388,0.197958 1.08868,0.06726 2.76429,-0.101187 1.67565,-0.168353 1.52177,-0.232552 2.13138,-0.384114 0.79721,-0.198194 1.02933,0.946843 0.1948,1.334737 -0.24841,0.114614 -0.17668,0.155516 -2.3283,0.670491 -1.61044,0.386062 -2.10394,0.222105 -2.80438,0.483937 -0.58335,0.217849 -2.66685,0.458186 -3.35078,0.486478 -1.90529,0.07877 -2.8819,0.01612 -4.62434,-0.775768 -1.30405,-0.593017 -2.98259,-0.141509 -3.26105,-0.847105 -0.27845,-0.705601 -3.15487,-2.374887 -1.40534,-5.296067 z',
        null, null, null, null),
       ('52afc630-7bf1-4480-a154-5a4bac8ff45c', 'hair', '2dbadaea-90ad-4817-a98d-0a8f190a78f0',
        'm 88.126017,7.1016773 c -1.41794,-0.0119 -3.39643,0.83498 -4.18864,1.97449 -1.35877,1.9544097 0.81554,2.8175197 0.56741,4.0412397 0,0 -5.5503,2.43892 -8.00511,6.02991 -2.52734,3.69709 -3.00331,9.12409 -3.13256,10.7742 -0.12961,1.65465 -0.27348,8.98946 0.41883,13.71174 0.6382,4.35329 3.27837,12.16746 3.20721,10.54315 -0.1228,-2.80303 -1.56327,-12.87518 -0.99648,-12.64332 0,0 1.27692,2.77901 2.34506,3.68017 0.71332,0.73087 2.95132,2.80149 5.06228,3.00445 0,0 -0.32502,7.70887 0.72797,9.3928 1.49801,2.39559 3.79297,2.02634 3.98004,2.01464 0,0 -0.01,-52.1218697 0.014,-52.5234697 z',
        null, null, 'black', 1),
       ('d0d316df-0f6c-4853-9c87-b9e23990144a', 'heart', '31c7c6e9-3fd7-4f56-8cd6-7e386630b265',
        'm 92.28217,68.183824 c 0.20344,0.972196 1.08713,2.008149 1.10309,2.32245 0.016,0.314301 -0.44724,2.175437 0.9741,3.634632 1.42131,1.459201 3.90835,3.215742 5.16915,2.733959 1.26083,-0.481793 2.88763,-4.845044 2.27082,-7.440918 -0.38162,-1.60652 -1.96991,-2.466166 -2.18015,-3.044244 -0.15906,-0.437551 0.71069,0.01185 0.72183,-0.35665 0.003,-0.117985 -0.32532,-0.731771 -0.36507,-0.812259 -0.0774,-0.151613 -0.46886,0.406581 -0.82194,0.286398 -0.35309,-0.120161 0.75435,-0.853579 0.92938,-0.927973 0.17513,-0.07417 -0.35418,-0.743314 -0.2832,-1.031843 0.0685,-0.278675 -0.82123,1.087543 -0.95086,1.149 -0.0343,0.01549 -0.24489,-0.69365 -0.19509,-0.824618 0.13819,-0.360947 0.78814,-1.093203 0.74784,-1.384588 -0.0475,-0.344854 -0.81875,-1.368149 -0.82945,-1.808548 -0.009,-0.36835 -0.67428,1.832559 -0.81276,1.557936 -0.39083,-0.774914 -0.36433,-0.997662 -0.75985,-1.276965 -0.28005,-0.197824 -0.4281,-0.40207 -1.0966,-0.429855 -0.40139,-0.01666 0.0669,-1.918087 0.041,-2.008822 -0.0258,-0.09089 -0.85335,0.298582 -1.08997,0.415033 -0.23668,0.116415 0.20298,1.754587 0.0626,1.889201 -0.0944,0.09052 -0.33379,0.372228 -0.41277,0.317581 -0.32623,-0.225763 -0.17764,-1.566319 -0.35477,-2.164881 -0.0291,-0.103379 -0.73535,0.557872 -0.886,0.592117 -0.0876,0.01995 0.78366,2.005408 0.73551,2.079817 -0.0484,0.07448 -0.0746,0.194686 -0.16048,0.106408 -0.21858,-0.224742 -0.89657,-1.209524 -1.05187,-1.177626 -0.25637,0.05276 -1.12405,0.421302 -0.91552,0.633747 0.33601,0.342203 0.8607,0.546028 1.49709,1.267526 0.0518,0.05908 -0.48435,1.507695 -0.39159,2.305081 0.0117,0.103975 -0.51655,-1.751958 -0.64374,-1.438241 -0.11807,0.290864 -1.09872,1.507985 -1.00154,1.757794 0.0952,0.250578 1.04604,0.855214 1.05423,0.971685 -0.24164,0.780764 -0.25403,1.17652 -0.1037,2.107765 z',
        -8, 13, null, null),
       ('5eaae8f4-f65a-403a-a214-35e8fca07d50', 'hand', 'd9052ad8-8014-4242-9014-896742c6467f',
        'm 43.545239,153.77534 c -0.772683,0.92754 -0.335758,1.64775 -0.92276,2.54097 -0.719056,1.09411 -3.505259,3.39598 -4.734755,4.51057 -0.463806,0.42049 -1.715982,2.7559 -2.520801,4.55081 -0.859979,1.91792 -0.987175,4.81731 -0.09238,4.91091 0.922758,0.0966 1.659431,-1.18936 2.313607,-3.31905 0.392081,-1.27643 0.672286,-2.10715 1.764552,-2.47109 0.718319,-0.23936 0.419641,0.46489 0.6193,4.11225 0.09595,1.75239 -0.09115,2.94001 -0.269011,4.54756 -0.185368,1.6773 -0.383037,2.57125 -0.322022,3.25848 0.357051,4.02155 1.508894,2.98065 1.998282,0.0513 0.131234,-0.78538 0.663867,-2.21188 0.707219,-3.75761 -0.07312,-0.62787 0.502144,-2.13013 1.062777,-4.09101 0.286691,-0.84425 0.361697,-0.46222 0.696804,-0.0719 0.205618,0.23883 -0.397693,3.00597 -0.438967,5.01801 -0.04728,2.30425 -0.417516,3.28604 -0.382772,4.41957 0.07629,2.4859 1.609219,2.65906 1.898141,-0.53383 0.05467,-0.60374 0.0445,-1.7779 0.53282,-4.07758 0.516437,-2.43216 0.798731,-5.01372 0.97054,-5.22742 0.280823,-0.34927 0.09967,-0.20616 0.33714,0.20222 0.322391,0.55448 0.164094,2.65124 0.0045,4.93056 -0.159597,2.27931 -0.329331,3.0055 -0.222759,3.86494 0.205913,1.66132 1.433778,1.7447 1.7216,-0.20364 0.145566,-0.98541 0.04757,-1.6833 0.470161,-3.6683 0.423507,-1.9894 0.737057,-4.48432 0.936884,-5.00015 0.06736,-0.17372 -0.268598,-0.29726 0.268219,0.0813 0.24884,0.17552 0.179437,1.27988 0.134342,3.27482 -0.04505,1.99491 -0.374981,3.54827 -0.149455,4.25756 0.295747,0.93015 1.278507,0.67603 1.307604,-0.65792 0.0071,-0.32413 0.345841,-1.16176 0.757257,-3.75065 0.30795,-1.93798 0.06911,-2.50585 0.314137,-3.35737 0.204033,-0.70911 0.296507,-3.19256 0.267141,-4.00314 -0.08187,-2.25789 -0.245576,-3.40588 -1.34161,-5.3914 -0.820333,-1.48606 -0.441007,-3.51047 -1.300165,-3.77465 -0.859141,-0.26416 -3.095281,-3.50889 -6.385486,-1.17392 z',
        2, 20, null, 0),
       ('c45f12f6-90b8-4fad-9008-260af34ff9ad', 'Calf', '5cfea640-726d-49e6-875c-483be917fb88',
        'm 72.347143,213.94668 c 0,0 1.574838,-1.6928 2.856942,-0.56461 0.64703,0.56935 1.730311,1.87061 2.28162,3.53502 2.427578,7.32892 -1.992155,11.65672 -2.510029,14.74358 -0.740382,4.41314 -0.840405,3.24415 -1.252896,8.54934 -0.364942,4.69365 -0.837327,9.44742 -1.143061,9.71617 -0.305733,0.26876 -2.178976,-11.55977 -1.538373,-17.49559 0.202044,-1.87214 0.705658,-3.48792 0.784214,-5.43353 0.290462,-7.19385 0.521583,-13.05038 0.521583,-13.05038 z',
        -1, 22, null, 0),
       ('59052987-9f5a-4986-b0fa-33d4948e7a6d', 'traps', '851809fb-cbd4-4b05-9a00-e750bde800ad',
        'm 81.962598,57.498044 c -2.863,-4.711803 -1.31996,-6.127401 -4.2562,-8.228435 -1.82666,-1.307072 -3.20517,2.228209 -5.33034,3.274154 -6.13243,3.018202 -11.19747,5.338909 -8.43304,6.847406 3.81159,2.079921 4.68784,6.820491 3.2852,9.86322 -0.42617,0.924492 3.35731,3.613818 2.93763,4.481396 -1.78865,3.697492 -2.28613,8.025673 11.23377,16.532157 2.429196,1.528412 0.89633,-28.067106 0.56298,-32.769898 z',
        -10, 34, null, 0),
       ('6c7d498b-7485-4427-a435-a26ca239c786', 'head', '893b717e-f4bb-448c-ab30-f89677b145a8',
        'm 77.934058,45.645085 c 0.0812,-2.829229 0.0606,-5.391872 -0.23986,-6.409545 -1.75359,-1.470063 -1.62781,-0.80288 -3.56205,-3.668894 -0.76604,-1.304049 -1.59142,-3.519933 -0.95332,-5.18998 2.01112,-5.263501 5.15304,2.928269 4.72966,-1.276044 -0.30678,-3.046405 -1.55588,-7.522881 2.73033,-11.63766 4.286227,-4.114776 7.880723,-3.646398 7.880723,-3.646398 6.9e-4,7.083291 -0.0041,34.910862 -0.0041,34.910862 -2.94033,1.36e-4 -5.192373,-3.110131 -10.581433,-3.082341 z',
        -1, 26, null, 0),
       ('ac30e1b0-35bb-48ba-a942-f094b1a7952b', 'hair', '893b717e-f4bb-448c-ab30-f89677b145a8',
        'm 88.272498,13.354954 c -2.03192,-0.03561 -5.4583,0.494354 -9.06663,3.548018 -2.59532,2.196376 -3.61326,4.583077 -3.17956,9.621994 0.20085,2.333562 0.25862,11.232208 3.18783,12.955665 1.4673,0.863313 2.85834,0.575209 4.851801,2.982631 1.390183,1.678865 3.585953,1.922131 4.746643,1.930697 z',
        null, null, 'black', 1),
       ('9ec8ef47-8d1f-485f-a6f8-c0a61516b41f', 'rhomboid', 'e4e14397-8ce5-452a-9e39-c683556426d4',
        'm 66.407918,70.895446 c -1.75663,3.984405 -8.74722,8.04615 -13.94004,8.443689 -1.302,0.09967 -1.53454,3.438516 -1.29999,6.226725 0.22984,2.732345 1.30036,6.035062 1.75574,6.933086 0.96033,1.893836 7.44545,2.50523 9.4053,1.412473 7.49494,-4.17899 8.69018,-9.579349 8.52376,-10.030617 -0.267,-0.72403 -1.33269,-0.811318 -2.21286,-4.08955 -1.31941,-4.914191 -0.0719,-3.837521 0.0165,-5.979055 0.0508,-1.230157 -2.05649,-2.798652 -2.2484,-2.916751 z',
        1, 18, null, 0),
       ('cfc0d685-6007-4d36-a3cb-c52c0f2dbb5f', 'triceps', '7d841cf3-0733-42e6-bacd-4f34bb71c936',
        'm 40.640838,80.427221 c -1.40208,2.375725 -3.86187,5.399973 -6.16018,13.106484 -0.71067,2.382978 -2.65362,3.700989 -2.73114,4.747549 -0.23329,3.149656 0.57714,7.692126 2.3244,8.283016 4.92721,1.53609 2.87105,-1.12302 7.88917,-0.68865 0.46506,0.46826 3.28424,-1.80258 5.77663,-4.60528 2.37359,-2.669075 2.97492,-5.652627 3.2807,-6.186801 0.95008,-1.659692 -0.16038,-4.615063 -0.95243,-8.294581 -0.90862,-4.221082 1.34156,-7.25469 -0.63237,-7.931665 -2.27663,-0.780788 -5.10772,-0.383517 -8.79478,1.569928 z',
        -7, 26, null, 0),
       ('92a1b0c0-1f4c-4e8b-96f7-5491d8008b32', 'triceps', '8e34442a-6806-4d1d-9b3c-d5e8abc71fb6',
        'm 48.913247,85.214467 c -1.6557,3.44951 -4.33191,14.850523 -4.71062,17.981253 -0.37869,3.13071 -1.10585,4.52154 0.10548,4.02264 1.21134,-0.49887 4.97855,-1.29726 7.22398,1.31501 0.40782,0.47444 2.85669,-0.49837 4.42434,-2.02529 0.92091,-0.89699 1.19354,-4.15149 1.85787,-5.09016 1.61093,-2.276143 2.81245,-9.147273 3.03962,-13.458203 0.22718,-4.31092 2.2e-4,-9.99611 -1.74078,-9.83375 -3.01481,0.28115 -7.96023,3.75401 -10.19989,7.0885 z',
        -7, 22, null, 0),
       ('9d00663d-0b83-4464-b46a-66ec7ea6990f', 'hand', '69ddc796-a692-4775-9a38-643cec57523c',
        'm 53.636857,144.82438 c 0.89419,0.84489 0.53936,1.62662 1.24155,2.45927 0.86014,1.02001 3.95829,3.01159 5.33741,3.99043 0.52026,0.36928 1.93915,2.74421 2.97101,4.46293 1.10254,1.83646 1.68953,5.32633 0.82712,5.0151 -0.6973,-0.25165 -1.55008,-0.96619 -1.99884,-2.88323 -0.1877,-0.80187 -2.03958,-1.87427 -2.7733,-2.26041 -0.6828,-0.35933 -0.43179,0.0795 -0.19189,3.7943 0.11517,1.78478 0.44847,2.96381 0.8231,4.56889 0.39087,1.67471 0.84606,2.23278 0.92379,2.93157 0.35228,3.16634 -1.11057,2.81483 -2.01578,0.29393 -0.27425,-0.7637 -1.14287,-1.8311 -1.37402,-3.38993 -0.002,-0.64419 -0.76618,-2.09456 -1.57104,-4.01079 -0.39238,-0.8195 -0.422,-0.42382 -0.71379,0.011 -0.17913,0.26657 0.76661,2.99343 1.05215,5.02432 0.32701,2.32584 0.84504,2.5208 0.92982,3.6734 0.14457,1.96499 -0.83542,2.76279 -1.78926,0.11553 -0.20941,-0.58118 -0.46357,-1.46706 -1.23631,-3.73487 -0.81725,-2.39842 -1.41568,-4.97641 -1.6154,-5.1718 -0.32647,-0.3194 -0.1259,-0.19654 -0.31665,0.24546 -0.25904,0.6001 0.15518,2.70257 0.59283,4.98957 0.43762,2.28702 0.99964,2.68073 0.89685,3.55728 -0.13109,1.11729 -1.037,1.53883 -1.76671,0.002 -0.43551,-0.91697 -0.45521,-1.37096 -1.12332,-3.32834 -0.66957,-1.96169 -1.28911,-4.44818 -1.55383,-4.94591 -0.0893,-0.16763 0.2358,-0.33334 -0.26153,0.1148 -0.2305,0.20776 -0.0264,1.31684 0.26085,3.32994 0.28732,2.01312 0.81295,3.20708 0.87022,3.9634 0.0627,0.82702 -0.87229,0.86501 -1.40284,-0.50727 -0.11907,-0.30816 -0.69383,-0.80712 -1.42378,-3.37686 -0.54642,-1.92364 -0.37355,-2.52719 -0.72463,-3.35911 -0.29237,-0.6928 -0.68681,-3.19448 -0.75528,-4.01827 -0.19074,-2.29461 -0.16418,-3.47602 0.70429,-5.6179 0.64999,-1.60305 0.0209,-3.60553 0.85822,-3.97693 0.83735,-0.37139 4.52379,-4.25381 6.319,-1.96152 z',
        -10, 19, null, 0),
       ('ed9522ae-5653-4b0c-a532-93049ad064a0', 'hamstring', '93c03c55-af32-4b23-a0dd-5be811914a29',
        'm 61.226347,170.09296 c -0.348058,1.58197 1.640691,4.9052 1.908686,8.93119 0.55704,8.36821 2.427231,18.85624 5.034743,24.79872 0.653848,1.49011 -0.0073,7.16609 0.852718,9.57215 0.194263,0.54347 3.769443,0.81462 4.543201,-1.67388 0.95928,-3.08517 3.823421,-1.15008 5.410343,-0.18199 1.662944,0.74801 2.485279,1.07289 3.660536,0.32216 1.842403,-2.08046 1.150577,-6.59388 1.698067,-13.8046 0.0965,-1.2714 3.352142,-13.89897 2.982704,-28.58106 -0.19658,-7.81242 -5.146392,2.61877 -13.449521,3.35145 -4.97954,0.4394 -10.407982,-3.01113 -12.641477,-2.73414 z',
        -3, 34, null, 0),
       ('da28b588-3be3-4115-9eb7-c00dbb9715bd', 'Obliques', '3b21337c-05b8-4ef6-b774-1b54e8b7adc4',
        'm 64.976777,125.74935 c -0.99078,3.99059 -0.66806,4.74094 -1.35506,7.84876 -0.45234,2.04627 5.17949,0.207 9.73665,0.64289 4.8263,0.55889 8.89695,1.96064 -0.1415,-4.49218 -2.05921,-1.47013 -4.42139,-4.93233 -8.24009,-3.99947 z',
        0, 7, null, 0),
       ('51a170f2-c523-445a-ba70-4549244a2260', 'glutes', '53da11d0-9db9-4ef0-8442-545bb2c40263',
        'm 81.510438,138.93534 c 2.12818,1.09119 3.567987,2.42253 5.150273,5.55041 1.844838,3.6469 1.189283,9.14713 1.16834,11.17967 -0.02152,2.08897 -1.595725,4.91407 -3.699458,6.52534 -4.489645,3.43868 -10.903675,5.43841 -15.574385,4.42116 -6.15068,-1.33958 -8.80863,-8.00178 -9.38562,-12.71104 -0.64137,-5.23473 4.1604,-7.3396 3.46739,-12.26342 -0.42348,-3.00884 2.19046,-5.9499 2.47118,-11.47186 1.5922,-0.42328 3.77682,-0.4364 5.97771,0.13641 5.16704,1.34479 5.85246,4.3129 10.42457,8.63333 z',
        -9, 30, null, 0);


--
-- Data for Name: unit_of_measurement; Type: TABLE DATA;
--
INSERT INTO unit_of_measurement (id, abbreviated_name, name, measurement_type_id, measurement_system_id)
VALUES ('f445202c-88da-432e-9ea9-3121df0f2b41', 'cm', 'Centimeters', '602c9d10-f0b4-4c84-871c-f02b1e3193d6',
        'ec0af8d2-b232-4348-ad23-ef895eed442f'),
       ('39a45c7f-fb47-45fa-87b6-48f27777479c', 'm', 'Meters', '602c9d10-f0b4-4c84-871c-f02b1e3193d6',
        'ec0af8d2-b232-4348-ad23-ef895eed442f'),
       ('60067775-9b26-4925-a2bf-0e258a63aa32', 'km', 'Kilometers', '602c9d10-f0b4-4c84-871c-f02b1e3193d6',
        'ec0af8d2-b232-4348-ad23-ef895eed442f'),
       ('2920c078-d97b-4ef5-ba8e-912f642d8b96', 'in', 'Inches', '602c9d10-f0b4-4c84-871c-f02b1e3193d6',
        '9925531f-f9c7-4f98-80ec-a57b846eefdc'),
       ('83a29b4f-b8d0-4f2d-8877-a56446194f0c', 'ft', 'Feet', '602c9d10-f0b4-4c84-871c-f02b1e3193d6',
        '9925531f-f9c7-4f98-80ec-a57b846eefdc'),
       ('900a8276-edb0-4a2d-812c-aaa964264922', 'yd', 'Yards', '602c9d10-f0b4-4c84-871c-f02b1e3193d6',
        '9925531f-f9c7-4f98-80ec-a57b846eefdc'),
       ('45fc5054-ce8a-4450-be10-1323710d2bf8', 'mi', 'Miles', '602c9d10-f0b4-4c84-871c-f02b1e3193d6',
        '9925531f-f9c7-4f98-80ec-a57b846eefdc'),
       ('4304f8db-fd99-4860-aca2-a06cb33a137b', 'kg', 'Kilograms', 'c9f1bbda-2ebd-468d-bbc8-24bbfda9ccbb',
        'ec0af8d2-b232-4348-ad23-ef895eed442f'),
       ('02a89235-4777-4373-922b-6b9093212337', 'ct', 'Count', '38724e2e-38e1-4ae1-8b9c-b9b836681b33',
        'e11beb69-79cc-4627-b24d-e8116c8ac2a0'),
       ('af38442b-bcb5-443c-9f91-78c9bfe72c1c', 'sec', 'Seconds', '2e617173-1224-474e-8ba9-448ce4a506e7',
        'e11beb69-79cc-4627-b24d-e8116c8ac2a0'),
       ('29035a0d-2982-4fe6-af87-fc308743a31d', 'min', 'Minutes', '2e617173-1224-474e-8ba9-448ce4a506e7',
        'e11beb69-79cc-4627-b24d-e8116c8ac2a0'),
       ('05cc2d08-487c-43ec-9de4-7af67113397a', 'hr', 'Hours', '2e617173-1224-474e-8ba9-448ce4a506e7',
        'e11beb69-79cc-4627-b24d-e8116c8ac2a0'),
       ('c94dfcee-7a0f-4d43-97af-2bcf936d0617', 'lb', 'Pounds', 'c9f1bbda-2ebd-468d-bbc8-24bbfda9ccbb',
        '9925531f-f9c7-4f98-80ec-a57b846eefdc');
