INSERT INTO exercise (id, name, demonstration_giphy_id, exercise_type_id)
VALUES ('31acc1b2-13c7-4fcf-8bc2-b26e936dd4df', 'Single-leg deadlift with Kettlebell', 'JUx7urz9o0N65oA4W7', '6bdb3624-bed1-41a9-bf8c-7b1066411446');
INSERT INTO exercise_muscle_group (exercise_id, muscle_group_id)
VALUES ('31acc1b2-13c7-4fcf-8bc2-b26e936dd4df', '86cf648e-4aa0-45eb-beee-7380b1a1e00f');
INSERT INTO exercise_measurement_type (exercise_id, measurement_type_id)
VALUES ('31acc1b2-13c7-4fcf-8bc2-b26e936dd4df', '0c7a1eb7-1b61-4bcd-b136-8778e99e5b06');



INSERT INTO exercise (id, name, demonstration_giphy_id, exercise_type_id)
VALUES ('48640d46-20b6-48e1-90d5-f86fa3a53003', 'Burpees', 'sdPLLtuVeRdJ9DyCej', '8ffe7196-4e3d-4439-ae19-3159ad5387bd');
INSERT INTO exercise_muscle_group (exercise_id, muscle_group_id)
VALUES ('48640d46-20b6-48e1-90d5-f86fa3a53003', '5a2a9865-74d9-4092-9f7e-011bb6931f6a');
INSERT INTO exercise_measurement_type (exercise_id, measurement_type_id)
VALUES ('48640d46-20b6-48e1-90d5-f86fa3a53003', 'a4345a46-44fa-4c9a-beee-ab53f48c8a33');



INSERT INTO exercise (id, name, demonstration_giphy_id, exercise_type_id)
VALUES ('1e51eae8-dd27-4f59-a051-3fb95f9336cd', 'Muscle Ups', 'd0CH5lpj8g05Qdsg9P', '8ffe7196-4e3d-4439-ae19-3159ad5387bd');
INSERT INTO exercise_muscle_group (exercise_id, muscle_group_id)
VALUES ('1e51eae8-dd27-4f59-a051-3fb95f9336cd', 'da0fd6de-41c6-462a-9fb6-3f661b85bdb0');
INSERT INTO exercise_muscle_group (exercise_id, muscle_group_id)
VALUES ('1e51eae8-dd27-4f59-a051-3fb95f9336cd', '5a2a9865-74d9-4092-9f7e-011bb6931f6a');
INSERT INTO exercise_muscle_group (exercise_id, muscle_group_id)
VALUES ('1e51eae8-dd27-4f59-a051-3fb95f9336cd', '9042cec4-faab-4920-999f-5fb7335bb8f1');
INSERT INTO exercise_measurement_type (exercise_id, measurement_type_id)
VALUES ('1e51eae8-dd27-4f59-a051-3fb95f9336cd', 'a4345a46-44fa-4c9a-beee-ab53f48c8a33');


INSERT INTO exercise (id, name, demonstration_giphy_id, exercise_type_id)
VALUES ('8e4576dc-795a-40f1-bf0b-e3a08673f9e9', 'Strait Bar Dips', 'NpZa6bI0VHMY2ZryfK', '8ffe7196-4e3d-4439-ae19-3159ad5387bd');
INSERT INTO exercise_muscle_group (exercise_id, muscle_group_id)
VALUES ('8e4576dc-795a-40f1-bf0b-e3a08673f9e9', '5a2a9865-74d9-4092-9f7e-011bb6931f6a');
INSERT INTO exercise_muscle_group (exercise_id, muscle_group_id)
VALUES ('8e4576dc-795a-40f1-bf0b-e3a08673f9e9', '5c20da1c-186d-4619-a9cf-07bbff89ab8c');
INSERT INTO exercise_measurement_type (exercise_id, measurement_type_id)
VALUES ('8e4576dc-795a-40f1-bf0b-e3a08673f9e9', 'a4345a46-44fa-4c9a-beee-ab53f48c8a33');



INSERT INTO exercise (id, name, demonstration_giphy_id, exercise_type_id)
VALUES ('4e4a58fd-d80d-482f-b6c6-156612047f23', 'Dips', 'kojJRlvnjCsIB26YUD', '8ffe7196-4e3d-4439-ae19-3159ad5387bd');
INSERT INTO exercise_muscle_group (exercise_id, muscle_group_id)
VALUES ('4e4a58fd-d80d-482f-b6c6-156612047f23', '5a2a9865-74d9-4092-9f7e-011bb6931f6a');
INSERT INTO exercise_muscle_group (exercise_id, muscle_group_id)
VALUES ('4e4a58fd-d80d-482f-b6c6-156612047f23', '5c20da1c-186d-4619-a9cf-07bbff89ab8c');
INSERT INTO exercise_measurement_type (exercise_id, measurement_type_id)
VALUES ('4e4a58fd-d80d-482f-b6c6-156612047f23', 'a4345a46-44fa-4c9a-beee-ab53f48c8a33');